#
# A fatal error has been detected by the Java Runtime Environment:
#
#  EXCEPTION_ACCESS_VIOLATION (0xc0000005) at pc=0x00007ffece664569, pid=2000, tid=12012
#
# JRE version: Java(TM) SE Runtime Environment (21.0.5+9) (build 21.0.5+9-LTS-239)
# Java VM: Java HotSpot(TM) 64-Bit Server VM (21.0.5+9-LTS-239, mixed mode, sharing, tiered, compressed oops, compressed class ptrs, g1 gc, windows-amd64)
# Problematic frame:
# C  [opencv_java470.dll+0x37d4569]
#
# No core dump will be written. Minidumps are not enabled by default on client versions of Windows
#
# If you would like to submit a bug report, please visit:
#   https://bugreport.java.com/bugreport/crash.jsp
# The crash happened outside the Java Virtual Machine in native code.
# See problematic frame for where to report the bug.
#

---------------  S U M M A R Y ------------

Command Line: -javaagent:C:\Users\HP 840 G5\AppData\Local\Programs\IntelliJ IDEA Community Edition\lib\idea_rt.jar=64045 -Dfile.encoding=UTF-8 -Dsun.stdout.encoding=UTF-8 -Dsun.stderr.encoding=UTF-8 --module-path=C:\Users\HP 840 G5\.m2\repository\org\openjfx\javafx-base\21.0.6\javafx-base-21.0.6-win.jar;C:\Users\HP 840 G5\.m2\repository\org\openjfx\javafx-fxml\21.0.6\javafx-fxml-21.0.6-win.jar;C:\Users\HP 840 G5\.m2\repository\org\openpnp\opencv\4.7.0-0\opencv-4.7.0-0.jar;C:\Users\HP 840 G5\.m2\repository\nu\pattern\opencv\2.4.9-7\opencv-2.4.9-7.jar;C:\Users\HP 840 G5\.m2\repository\org\kordamp\bootstrapfx\bootstrapfx-core\0.4.0\bootstrapfx-core-0.4.0.jar;C:\Users\HP 840 G5\.m2\repository\org\openjfx\javafx-controls\21.0.6\javafx-controls-21.0.6-win.jar;C:\Users\HP 840 G5\IdeaProjects\ReconocimientoFacial\target\classes;C:\Users\HP 840 G5\.m2\repository\org\openjfx\javafx-swing\21.0.6\javafx-swing-21.0.6-win.jar;C:\Users\HP 840 G5\.m2\repository\org\openjfx\javafx-graphics\21.0.6\javafx-graphics-21.0.6-win.jar;C:\Users\HP 840 G5\.m2\repository\org\controlsfx\controlsfx\11.2.1\controlsfx-11.2.1.jar -Djdk.module.main=com.jasminesystems.reconocimientofacial com.jasminesystems.reconocimientofacial/com.jasminesystems.reconocimientofacial.MainApplication

Host: Intel(R) Core(TM) i5-7200U CPU @ 2.50GHz, 4 cores, 15G,  Windows 11 , 64 bit Build 26100 (10.0.26100.7920)
Time: Tue Mar 10 13:53:46 2026 Hora estándar central (México) elapsed time: 29.843545 seconds (0d 0h 0m 29s)

---------------  T H R E A D  ---------------

Current thread (0x000002b3bfd36800):  JavaThread "Finalizer" daemon [_thread_in_native, id=12012, stack(0x000000f649a00000,0x000000f649b00000) (1024K)]

Stack: [0x000000f649a00000,0x000000f649b00000],  sp=0x000000f649afea30,  free space=1018k
Native frames: (J=compiled Java code, j=interpreted, Vv=VM code, C=native code)
C  [opencv_java470.dll+0x37d4569]

Java frames: (J=compiled Java code, j=interpreted, Vv=VM code)
j  org.opencv.videoio.VideoCapture.delete(J)V+0 opencv@4.7.0-0
j  org.opencv.videoio.VideoCapture.finalize()V+4 opencv@4.7.0-0
j  java.lang.System$2.invokeFinalize(Ljava/lang/Object;)V+1 java.base@21.0.5
j  java.lang.ref.Finalizer.runFinalizer(Ljdk/internal/access/JavaLangAccess;)V+115 java.base@21.0.5
j  java.lang.ref.Finalizer$FinalizerThread.run()V+29 java.base@21.0.5
v  ~StubRoutines::call_stub 0x000002b3b099100d

siginfo: EXCEPTION_ACCESS_VIOLATION (0xc0000005), reading address 0xffffffffffffffff


Registers:
RAX=0xcdcdcdcdcdcdcdcd, RBX=0x000002b402d13898, RCX=0xcdcdcdcdcdcdcdcd, RDX=0x000002b40b54d608
RSP=0x000000f649afea30, RBP=0x000000f649afeff8, RSI=0x0000000000000158, RDI=0x000000f649afea50
R8 =0x7ffffffffffffffc, R9 =0x000000f648d0d000, R10=0x000002b3b099ce1c, R11=0x000000f649afe820
R12=0x0000000000000000, R13=0x000002b402d13898, R14=0x000000f649aff020, R15=0x000002b3bfd36800
RIP=0x00007ffece664569, EFLAGS=0x0000000000010282


Register to memory mapping:

RAX=0xcdcdcdcdcdcdcdcd is an unknown value
RBX={method} {0x000002b402d138a0} 'delete' '(J)V' in 'org/opencv/videoio/VideoCapture'
RCX=0xcdcdcdcdcdcdcdcd is an unknown value
RDX=0x000002b40b54d608 points into unknown readable memory: 0xcdcdcdcdcdcdcdcd | cd cd cd cd cd cd cd cd
RSP=0x000000f649afea30 is pointing into the stack for thread: 0x000002b3bfd36800
RBP=0x000000f649afeff8 is pointing into the stack for thread: 0x000002b3bfd36800
RSI=0x0000000000000158 is an unknown value
RDI=0x000000f649afea50 is pointing into the stack for thread: 0x000002b3bfd36800
R8 =0x7ffffffffffffffc is an unknown value
R9 =0x000000f648d0d000 points into unknown readable memory: 0x0000000000000000 | 00 00 00 00 00 00 00 00
R10=0x000002b3b099ce1c is at code_begin+1020 in an Interpreter codelet
native method entry point (kind = native)  [0x000002b3b099ca20, 0x000002b3b099d548]  2856 bytes
R11=0x000000f649afe820 is pointing into the stack for thread: 0x000002b3bfd36800
R12=0x0 is null
R13={method} {0x000002b402d138a0} 'delete' '(J)V' in 'org/opencv/videoio/VideoCapture'
R14=0x000000f649aff020 is pointing into the stack for thread: 0x000002b3bfd36800
R15=0x000002b3bfd36800 is a thread

Top of Stack: (sp=0x000000f649afea30)
0x000000f649afea30:   cccccccccccccccc cccccccccccccccc
0x000000f649afea40:   cccccccccccccccc cccccccccccccccc
0x000000f649afea50:   000000f649afea80 00007ffece65666d
0x000000f649afea60:   000000f649afeab8 cccccccccccccccc
0x000000f649afea70:   cccccccccccccccc cccccccccccccccc
0x000000f649afea80:   000000f649afead0 00007ffece65abc4
0x000000f649afea90:   000000f649afeab8 000002b40b54d608
0x000000f649afeaa0:   cccccccccccccccc cccccccccccccccc
0x000000f649afeab0:   cccccccccccccccc cdcdcdcdcdcdcdcd
0x000000f649afeac0:   cccccccccccccccc cccccccccccccccc
0x000000f649afead0:   000000f649afeb00 00007ffece65542e
0x000000f649afeae0:   000000f649afeb60 000002b40b54d608
0x000000f649afeaf0:   cccccccccccccccc cccccccccccccccc
0x000000f649afeb00:   000000f649afeb80 00007ffece669549
0x000000f649afeb10:   000000f649afeb58 000002b40b54d600
0x000000f649afeb20:   cccccccccccccccc cccccccccccccccc
0x000000f649afeb30:   000002b3c0544608 000002b40b54d600
0x000000f649afeb40:   000002b40b54d6d0 cccccccccccccccc
0x000000f649afeb50:   cccccccccccccccc 00007ffed0494f08
0x000000f649afeb60:   0000000000000000 cccccccccccccccc
0x000000f649afeb70:   cccccccccccccccc cccccccccccccccc
0x000000f649afeb80:   000000f649afebb0 00007ffece659c77
0x000000f649afeb90:   000002b3c0544560 cccccccccccccccc
0x000000f649afeba0:   cccccccccccccccc cccccccccccccccc
0x000000f649afebb0:   000000f649afebe0 00007ffece6619cc
0x000000f649afebc0:   000002b3c0544560 cccccccccccccccc
0x000000f649afebd0:   cccccccccccccccc cccccccccccccccc
0x000000f649afebe0:   000000f649afec10 00007ffece64d43f
0x000000f649afebf0:   000002b3c0544560 cccccccc00000000
0x000000f649afec00:   cccccccccccccccc cccccccccccccccc
0x000000f649afec10:   000000f649afec40 00007ffece664f7f
0x000000f649afec20:   000002b3c0544560 cccccccccccccccc 

Instructions: (pc=0x00007ffece664569)
0x00007ffece664469:   cc cc cc cc cc cc cc 48 89 4c 24 08 57 48 83 ec
0x00007ffece664479:   20 48 8b fc b9 08 00 00 00 b8 cc cc cc cc f3 ab
0x00007ffece664489:   48 8b 4c 24 30 48 8b 44 24 30 48 83 38 00 74 17
0x00007ffece664499:   48 8b 44 24 30 48 8b 00 48 8b 4c 24 30 48 8b 09
0x00007ffece6644a9:   48 8b 00 ff 50 08 90 48 83 c4 20 5f c3 cc cc cc
0x00007ffece6644b9:   cc cc cc cc cc cc cc cc cc cc cc cc cc cc cc cc
0x00007ffece6644c9:   cc cc cc cc cc cc cc 48 89 4c 24 08 57 48 83 ec
0x00007ffece6644d9:   20 48 8b fc b9 08 00 00 00 b8 cc cc cc cc f3 ab
0x00007ffece6644e9:   48 8b 4c 24 30 48 8b 44 24 30 48 83 38 00 74 17
0x00007ffece6644f9:   48 8b 44 24 30 48 8b 00 48 8b 4c 24 30 48 8b 09
0x00007ffece664509:   48 8b 00 ff 50 08 90 48 83 c4 20 5f c3 cc cc cc
0x00007ffece664519:   cc cc cc cc cc cc cc cc cc cc cc cc cc cc cc cc
0x00007ffece664529:   cc cc cc cc cc cc cc 48 89 4c 24 08 57 48 83 ec
0x00007ffece664539:   20 48 8b fc b9 08 00 00 00 b8 cc cc cc cc f3 ab
0x00007ffece664549:   48 8b 4c 24 30 48 8b 44 24 30 48 83 38 00 74 17
0x00007ffece664559:   48 8b 44 24 30 48 8b 00 48 8b 4c 24 30 48 8b 09
0x00007ffece664569:   48 8b 00 ff 50 08 90 48 83 c4 20 5f c3 cc cc cc
0x00007ffece664579:   cc cc cc cc cc cc cc cc cc cc cc cc cc cc cc cc
0x00007ffece664589:   cc cc cc cc cc cc cc 48 89 4c 24 08 57 48 83 ec
0x00007ffece664599:   20 48 8b fc b9 08 00 00 00 b8 cc cc cc cc f3 ab
0x00007ffece6645a9:   48 8b 4c 24 30 48 8b 44 24 30 48 83 38 00 74 17
0x00007ffece6645b9:   48 8b 44 24 30 48 8b 00 48 8b 4c 24 30 48 8b 09
0x00007ffece6645c9:   48 8b 00 ff 50 08 90 48 83 c4 20 5f c3 cc cc cc
0x00007ffece6645d9:   cc cc cc cc cc cc cc cc cc cc cc cc cc cc cc cc
0x00007ffece6645e9:   cc cc cc cc cc cc cc 48 89 4c 24 08 57 48 83 ec
0x00007ffece6645f9:   20 48 8b fc b9 08 00 00 00 b8 cc cc cc cc f3 ab
0x00007ffece664609:   48 8b 4c 24 30 48 8b 44 24 30 48 83 38 00 74 17
0x00007ffece664619:   48 8b 44 24 30 48 8b 00 48 8b 4c 24 30 48 8b 09
0x00007ffece664629:   48 8b 00 ff 50 08 90 48 83 c4 20 5f c3 cc cc cc
0x00007ffece664639:   cc cc cc cc cc cc cc cc cc cc cc cc cc cc cc cc
0x00007ffece664649:   cc cc cc cc cc cc cc 4c 89 44 24 18 48 89 54 24
0x00007ffece664659:   10 48 89 4c 24 08 57 48 83 ec 20 48 8b fc b9 08 


Stack slot to memory mapping:

stack at sp + 0 slots: 0xcccccccccccccccc is an unknown value
stack at sp + 1 slots: 0xcccccccccccccccc is an unknown value
stack at sp + 2 slots: 0xcccccccccccccccc is an unknown value
stack at sp + 3 slots: 0xcccccccccccccccc is an unknown value
stack at sp + 4 slots: 0x000000f649afea80 is pointing into the stack for thread: 0x000002b3bfd36800
stack at sp + 5 slots: 0x00007ffece65666d opencv_java470.dll
stack at sp + 6 slots: 0x000000f649afeab8 is pointing into the stack for thread: 0x000002b3bfd36800
stack at sp + 7 slots: 0xcccccccccccccccc is an unknown value


---------------  P R O C E S S  ---------------

Threads class SMR info:
_java_thread_list=0x000002b40b149570, length=20, elements={
0x000002b39f6a5220, 0x000002b3bfd33ca0, 0x000002b3bfd36800, 0x000002b3bfd37250,
0x000002b3bfd37ca0, 0x000002b3bfd386f0, 0x000002b3bfd39140, 0x000002b3bfd3aed0,
0x000002b3c01e0490, 0x000002b3bfd06560, 0x000002b3c0a2d010, 0x000002b3c0a2d670,
0x000002b3c0a80b90, 0x000002b3c0c16440, 0x000002b3c0c1cd40, 0x000002b3c0d28bd0,
0x000002b3c0d88ad0, 0x000002b40ab28500, 0x000002b40ac884f0, 0x000002b40ac87e60
}

Java Threads: ( => current thread )
  0x000002b39f6a5220 JavaThread "main"                              [_thread_blocked, id=14172, stack(0x000000f649000000,0x000000f649100000) (1024K)]
  0x000002b3bfd33ca0 JavaThread "Reference Handler"          daemon [_thread_blocked, id=16884, stack(0x000000f649900000,0x000000f649a00000) (1024K)]
=>0x000002b3bfd36800 JavaThread "Finalizer"                  daemon [_thread_in_native, id=12012, stack(0x000000f649a00000,0x000000f649b00000) (1024K)]
  0x000002b3bfd37250 JavaThread "Signal Dispatcher"          daemon [_thread_blocked, id=1604, stack(0x000000f649b00000,0x000000f649c00000) (1024K)]
  0x000002b3bfd37ca0 JavaThread "Attach Listener"            daemon [_thread_blocked, id=12508, stack(0x000000f649c00000,0x000000f649d00000) (1024K)]
  0x000002b3bfd386f0 JavaThread "Service Thread"             daemon [_thread_blocked, id=4244, stack(0x000000f649d00000,0x000000f649e00000) (1024K)]
  0x000002b3bfd39140 JavaThread "Monitor Deflation Thread"   daemon [_thread_blocked, id=4740, stack(0x000000f649e00000,0x000000f649f00000) (1024K)]
  0x000002b3bfd3aed0 JavaThread "C2 CompilerThread0"         daemon [_thread_blocked, id=9668, stack(0x000000f649f00000,0x000000f64a000000) (1024K)]
  0x000002b3c01e0490 JavaThread "C1 CompilerThread0"         daemon [_thread_blocked, id=17608, stack(0x000000f64a000000,0x000000f64a100000) (1024K)]
  0x000002b3bfd06560 JavaThread "Common-Cleaner"             daemon [_thread_blocked, id=16628, stack(0x000000f64a100000,0x000000f64a200000) (1024K)]
  0x000002b3c0a2d010 JavaThread "Monitor Ctrl-Break"         daemon [_thread_in_native, id=18080, stack(0x000000f64a300000,0x000000f64a400000) (1024K)]
  0x000002b3c0a2d670 JavaThread "Notification Thread"        daemon [_thread_blocked, id=8932, stack(0x000000f64a400000,0x000000f64a500000) (1024K)]
  0x000002b3c0a80b90 JavaThread "QuantumRenderer-0"          daemon [_thread_blocked, id=16172, stack(0x000000f64a800000,0x000000f64a900000) (1024K)]
  0x000002b3c0c16440 JavaThread "InvokeLaterDispatcher"      daemon [_thread_blocked, id=17668, stack(0x000000f64a200000,0x000000f64a300000) (1024K)]
  0x000002b3c0c1cd40 JavaThread "JavaFX Application Thread"         [_thread_in_native, id=16204, stack(0x000000f64a900000,0x000000f64aa00000) (1024K)]
  0x000002b3c0d28bd0 JavaThread "Thread-1"                   daemon [_thread_in_native, id=17084, stack(0x000000f64ad00000,0x000000f64ae00000) (1024K)]
  0x000002b3c0d88ad0 JavaThread "JavaFX-Launcher"                   [_thread_blocked, id=10108, stack(0x000000f64ae00000,0x000000f64af00000) (1024K)]
  0x000002b40ab28500 JavaThread "Prism Font Disposer"        daemon [_thread_blocked, id=14344, stack(0x000000f64af00000,0x000000f64b000000) (1024K)]
  0x000002b40ac884f0 JavaThread "Java2D Disposer"            daemon [_thread_blocked, id=1348, stack(0x000000f64c000000,0x000000f64c100000) (1024K)]
  0x000002b40ac87e60 JavaThread "Thread-5"                          [_thread_in_native, id=16184, stack(0x000000f64b600000,0x000000f64b700000) (1024K)]
Total: 20

Other Threads:
  0x000002b3bfd170c0 VMThread "VM Thread"                           [id=10732, stack(0x000000f649800000,0x000000f649900000) (1024K)]
  0x000002b3bfd05360 WatcherThread "VM Periodic Task Thread"        [id=15368, stack(0x000000f649700000,0x000000f649800000) (1024K)]
  0x000002b39fa6e840 WorkerThread "GC Thread#0"                     [id=14040, stack(0x000000f649200000,0x000000f649300000) (1024K)]
  0x000002b3c0686900 WorkerThread "GC Thread#1"                     [id=7536, stack(0x000000f64a500000,0x000000f64a600000) (1024K)]
  0x000002b3c07917b0 WorkerThread "GC Thread#2"                     [id=4644, stack(0x000000f64a600000,0x000000f64a700000) (1024K)]
  0x000002b3c03efb30 WorkerThread "GC Thread#3"                     [id=15364, stack(0x000000f64a700000,0x000000f64a800000) (1024K)]
  0x000002b39fabfb80 ConcurrentGCThread "G1 Main Marker"            [id=11988, stack(0x000000f649300000,0x000000f649400000) (1024K)]
  0x000002b39fac20d0 WorkerThread "G1 Conc#0"                       [id=9452, stack(0x000000f649400000,0x000000f649500000) (1024K)]
  0x000002b3bfbd53f0 ConcurrentGCThread "G1 Refine#0"               [id=12128, stack(0x000000f649500000,0x000000f649600000) (1024K)]
  0x000002b3bfbd5e00 ConcurrentGCThread "G1 Service"                [id=4040, stack(0x000000f649600000,0x000000f649700000) (1024K)]
Total: 10

Threads with active compile tasks:
Total: 0

VM state: not at safepoint (normal execution)

VM Mutex/Monitor currently owned by a thread: None

Heap address: 0x0000000702600000, size: 4058 MB, Compressed Oops mode: Zero based, Oop shift amount: 3

CDS archive(s) mapped at: [0x000002b3c1000000-0x000002b3c1c90000-0x000002b3c1c90000), size 13172736, SharedBaseAddress: 0x000002b3c1000000, ArchiveRelocationMode: 1.
Compressed class space mapped at: 0x000002b3c2000000-0x000002b402000000, reserved size: 1073741824
Narrow klass base: 0x000002b3c1000000, Narrow klass shift: 0, Narrow klass range: 0x100000000

GC Precious Log:
 CardTable entry size: 512
 Card Set container configuration: InlinePtr #cards 4 size 8 Array Of Cards #cards 16 size 48 Howl #buckets 8 coarsen threshold 3686 Howl Bitmap #cards 512 size 80 coarsen threshold 460 Card regions per heap region 1 cards per card region 4096
 CPUs: 4 total, 4 available
 Memory: 16227M
 Large Page Support: Disabled
 NUMA Support: Disabled
 Compressed Oops: Enabled (Zero based)
 Heap Region Size: 2M
 Heap Min Capacity: 8M
 Heap Initial Capacity: 254M
 Heap Max Capacity: 4058M
 Pre-touch: Disabled
 Parallel Workers: 4
 Concurrent Workers: 1
 Concurrent Refinement Workers: 4
 Periodic GC: Disabled

Heap:
 garbage-first heap   total 2131968K, used 864780K [0x0000000702600000, 0x0000000800000000)
  region size 2048K, 17 young (34816K), 4 survivors (8192K)
 Metaspace       used 16855K, committed 17216K, reserved 1114112K
  class space    used 2163K, committed 2304K, reserved 1048576K

Heap Regions: E=young(eden), S=young(survivor), O=old, HS=humongous(starts), HC=humongous(continues), CS=collection set, F=free, TAMS=top-at-mark-start, PB=parsable bottom
|   0|0x0000000702600000, 0x0000000702800000, 0x0000000702800000|100%|HS|  |TAMS 0x0000000702600000| PB 0x0000000702600000| Complete 
|   1|0x0000000702800000, 0x0000000702a00000, 0x0000000702a00000|100%|HS|  |TAMS 0x0000000702800000| PB 0x0000000702800000| Complete 
|   2|0x0000000702a00000, 0x0000000702c00000, 0x0000000702c00000|100%|HS|  |TAMS 0x0000000702a00000| PB 0x0000000702a00000| Complete 
|   3|0x0000000702c00000, 0x0000000702e00000, 0x0000000702e00000|100%|HS|  |TAMS 0x0000000702c00000| PB 0x0000000702c00000| Complete 
|   4|0x0000000702e00000, 0x0000000703000000, 0x0000000703000000|100%|HS|  |TAMS 0x0000000702e00000| PB 0x0000000702e00000| Complete 
|   5|0x0000000703000000, 0x0000000703200000, 0x0000000703200000|100%|HS|  |TAMS 0x0000000703000000| PB 0x0000000703000000| Complete 
|   6|0x0000000703200000, 0x0000000703400000, 0x0000000703400000|100%|HS|  |TAMS 0x0000000703200000| PB 0x0000000703200000| Complete 
|   7|0x0000000703400000, 0x0000000703600000, 0x0000000703600000|100%|HS|  |TAMS 0x0000000703400000| PB 0x0000000703400000| Complete 
|   8|0x0000000703600000, 0x0000000703800000, 0x0000000703800000|100%|HS|  |TAMS 0x0000000703600000| PB 0x0000000703600000| Complete 
|   9|0x0000000703800000, 0x0000000703a00000, 0x0000000703a00000|100%|HS|  |TAMS 0x0000000703800000| PB 0x0000000703800000| Complete 
|  10|0x0000000703a00000, 0x0000000703c00000, 0x0000000703c00000|100%|HS|  |TAMS 0x0000000703a00000| PB 0x0000000703a00000| Complete 
|  11|0x0000000703c00000, 0x0000000703e00000, 0x0000000703e00000|100%|HS|  |TAMS 0x0000000703c00000| PB 0x0000000703c00000| Complete 
|  12|0x0000000703e00000, 0x0000000704000000, 0x0000000704000000|100%|HS|  |TAMS 0x0000000703e00000| PB 0x0000000703e00000| Complete 
|  13|0x0000000704000000, 0x0000000704200000, 0x0000000704200000|100%|HS|  |TAMS 0x0000000704000000| PB 0x0000000704000000| Complete 
|  14|0x0000000704200000, 0x0000000704400000, 0x0000000704400000|100%|HS|  |TAMS 0x0000000704200000| PB 0x0000000704200000| Complete 
|  15|0x0000000704400000, 0x0000000704600000, 0x0000000704600000|100%|HS|  |TAMS 0x0000000704400000| PB 0x0000000704400000| Complete 
|  16|0x0000000704600000, 0x0000000704800000, 0x0000000704800000|100%|HS|  |TAMS 0x0000000704600000| PB 0x0000000704600000| Complete 
|  17|0x0000000704800000, 0x0000000704a00000, 0x0000000704a00000|100%|HS|  |TAMS 0x0000000704800000| PB 0x0000000704800000| Complete 
|  18|0x0000000704a00000, 0x0000000704c00000, 0x0000000704c00000|100%|HS|  |TAMS 0x0000000704a00000| PB 0x0000000704a00000| Complete 
|  19|0x0000000704c00000, 0x0000000704e00000, 0x0000000704e00000|100%|HS|  |TAMS 0x0000000704c00000| PB 0x0000000704c00000| Complete 
|  20|0x0000000704e00000, 0x0000000705000000, 0x0000000705000000|100%|HS|  |TAMS 0x0000000704e00000| PB 0x0000000704e00000| Complete 
|  21|0x0000000705000000, 0x0000000705200000, 0x0000000705200000|100%|HS|  |TAMS 0x0000000705000000| PB 0x0000000705000000| Complete 
|  22|0x0000000705200000, 0x0000000705400000, 0x0000000705400000|100%|HS|  |TAMS 0x0000000705200000| PB 0x0000000705200000| Complete 
|  23|0x0000000705400000, 0x0000000705600000, 0x0000000705600000|100%|HS|  |TAMS 0x0000000705400000| PB 0x0000000705400000| Complete 
|  24|0x0000000705600000, 0x0000000705800000, 0x0000000705800000|100%|HS|  |TAMS 0x0000000705600000| PB 0x0000000705600000| Complete 
|  25|0x0000000705800000, 0x0000000705800000, 0x0000000705a00000|  0%| F|  |TAMS 0x0000000705800000| PB 0x0000000705800000| Untracked 
|  26|0x0000000705a00000, 0x0000000705a00000, 0x0000000705c00000|  0%| F|  |TAMS 0x0000000705a00000| PB 0x0000000705a00000| Untracked 
|  27|0x0000000705c00000, 0x0000000705c00000, 0x0000000705e00000|  0%| F|  |TAMS 0x0000000705c00000| PB 0x0000000705c00000| Untracked 
|  28|0x0000000705e00000, 0x0000000705e00000, 0x0000000706000000|  0%| F|  |TAMS 0x0000000705e00000| PB 0x0000000705e00000| Untracked 
|  29|0x0000000706000000, 0x0000000706000000, 0x0000000706200000|  0%| F|  |TAMS 0x0000000706000000| PB 0x0000000706000000| Untracked 
|  30|0x0000000706200000, 0x0000000706200000, 0x0000000706400000|  0%| F|  |TAMS 0x0000000706200000| PB 0x0000000706200000| Untracked 
|  31|0x0000000706400000, 0x0000000706400000, 0x0000000706600000|  0%| F|  |TAMS 0x0000000706400000| PB 0x0000000706400000| Untracked 
|  32|0x0000000706600000, 0x0000000706800000, 0x0000000706800000|100%|HS|  |TAMS 0x0000000706600000| PB 0x0000000706600000| Complete 
|  33|0x0000000706800000, 0x0000000706800000, 0x0000000706a00000|  0%| F|  |TAMS 0x0000000706800000| PB 0x0000000706800000| Untracked 
|  34|0x0000000706a00000, 0x0000000706a00000, 0x0000000706c00000|  0%| F|  |TAMS 0x0000000706a00000| PB 0x0000000706a00000| Untracked 
|  35|0x0000000706c00000, 0x0000000706c00000, 0x0000000706e00000|  0%| F|  |TAMS 0x0000000706c00000| PB 0x0000000706c00000| Untracked 
|  36|0x0000000706e00000, 0x0000000706e00000, 0x0000000707000000|  0%| F|  |TAMS 0x0000000706e00000| PB 0x0000000706e00000| Untracked 
|  37|0x0000000707000000, 0x0000000707000000, 0x0000000707200000|  0%| F|  |TAMS 0x0000000707000000| PB 0x0000000707000000| Untracked 
|  38|0x0000000707200000, 0x0000000707200000, 0x0000000707400000|  0%| F|  |TAMS 0x0000000707200000| PB 0x0000000707200000| Untracked 
|  39|0x0000000707400000, 0x0000000707400000, 0x0000000707600000|  0%| F|  |TAMS 0x0000000707400000| PB 0x0000000707400000| Untracked 
|  40|0x0000000707600000, 0x0000000707600000, 0x0000000707800000|  0%| F|  |TAMS 0x0000000707600000| PB 0x0000000707600000| Untracked 
|  41|0x0000000707800000, 0x0000000707800000, 0x0000000707a00000|  0%| F|  |TAMS 0x0000000707800000| PB 0x0000000707800000| Untracked 
|  42|0x0000000707a00000, 0x0000000707a00000, 0x0000000707c00000|  0%| F|  |TAMS 0x0000000707a00000| PB 0x0000000707a00000| Untracked 
|  43|0x0000000707c00000, 0x0000000707c00000, 0x0000000707e00000|  0%| F|  |TAMS 0x0000000707c00000| PB 0x0000000707c00000| Untracked 
|  44|0x0000000707e00000, 0x0000000707e00000, 0x0000000708000000|  0%| F|  |TAMS 0x0000000707e00000| PB 0x0000000707e00000| Untracked 
|  45|0x0000000708000000, 0x0000000708000000, 0x0000000708200000|  0%| F|  |TAMS 0x0000000708000000| PB 0x0000000708000000| Untracked 
|  46|0x0000000708200000, 0x0000000708200000, 0x0000000708400000|  0%| F|  |TAMS 0x0000000708200000| PB 0x0000000708200000| Untracked 
|  47|0x0000000708400000, 0x0000000708400000, 0x0000000708600000|  0%| F|  |TAMS 0x0000000708400000| PB 0x0000000708400000| Untracked 
|  48|0x0000000708600000, 0x0000000708800000, 0x0000000708800000|100%|HS|  |TAMS 0x0000000708600000| PB 0x0000000708600000| Complete 
|  49|0x0000000708800000, 0x0000000708800000, 0x0000000708a00000|  0%| F|  |TAMS 0x0000000708800000| PB 0x0000000708800000| Untracked 
|  50|0x0000000708a00000, 0x0000000708a00000, 0x0000000708c00000|  0%| F|  |TAMS 0x0000000708a00000| PB 0x0000000708a00000| Untracked 
|  51|0x0000000708c00000, 0x0000000708c00000, 0x0000000708e00000|  0%| F|  |TAMS 0x0000000708c00000| PB 0x0000000708c00000| Untracked 
|  52|0x0000000708e00000, 0x0000000708e00000, 0x0000000709000000|  0%| F|  |TAMS 0x0000000708e00000| PB 0x0000000708e00000| Untracked 
|  53|0x0000000709000000, 0x0000000709000000, 0x0000000709200000|  0%| F|  |TAMS 0x0000000709000000| PB 0x0000000709000000| Untracked 
|  54|0x0000000709200000, 0x0000000709200000, 0x0000000709400000|  0%| F|  |TAMS 0x0000000709200000| PB 0x0000000709200000| Untracked 
|  55|0x0000000709400000, 0x0000000709400000, 0x0000000709600000|  0%| F|  |TAMS 0x0000000709400000| PB 0x0000000709400000| Untracked 
|  56|0x0000000709600000, 0x0000000709800000, 0x0000000709800000|100%|HS|  |TAMS 0x0000000709600000| PB 0x0000000709600000| Complete 
|  57|0x0000000709800000, 0x0000000709800000, 0x0000000709a00000|  0%| F|  |TAMS 0x0000000709800000| PB 0x0000000709800000| Untracked 
|  58|0x0000000709a00000, 0x0000000709a00000, 0x0000000709c00000|  0%| F|  |TAMS 0x0000000709a00000| PB 0x0000000709a00000| Untracked 
|  59|0x0000000709c00000, 0x0000000709e00000, 0x0000000709e00000|100%|HS|  |TAMS 0x0000000709c00000| PB 0x0000000709c00000| Complete 
|  60|0x0000000709e00000, 0x0000000709e00000, 0x000000070a000000|  0%| F|  |TAMS 0x0000000709e00000| PB 0x0000000709e00000| Untracked 
|  61|0x000000070a000000, 0x000000070a200000, 0x000000070a200000|100%|HS|  |TAMS 0x000000070a000000| PB 0x000000070a000000| Complete 
|  62|0x000000070a200000, 0x000000070a200000, 0x000000070a400000|  0%| F|  |TAMS 0x000000070a200000| PB 0x000000070a200000| Untracked 
|  63|0x000000070a400000, 0x000000070a600000, 0x000000070a600000|100%|HS|  |TAMS 0x000000070a400000| PB 0x000000070a400000| Complete 
|  64|0x000000070a600000, 0x000000070a600000, 0x000000070a800000|  0%| F|  |TAMS 0x000000070a600000| PB 0x000000070a600000| Untracked 
|  65|0x000000070a800000, 0x000000070a800000, 0x000000070aa00000|  0%| F|  |TAMS 0x000000070a800000| PB 0x000000070a800000| Untracked 
|  66|0x000000070aa00000, 0x000000070aa00000, 0x000000070ac00000|  0%| F|  |TAMS 0x000000070aa00000| PB 0x000000070aa00000| Untracked 
|  67|0x000000070ac00000, 0x000000070ae00000, 0x000000070ae00000|100%|HS|  |TAMS 0x000000070ac00000| PB 0x000000070ac00000| Complete 
|  68|0x000000070ae00000, 0x000000070ae00000, 0x000000070b000000|  0%| F|  |TAMS 0x000000070ae00000| PB 0x000000070ae00000| Untracked 
|  69|0x000000070b000000, 0x000000070b200000, 0x000000070b200000|100%|HS|  |TAMS 0x000000070b000000| PB 0x000000070b000000| Complete 
|  70|0x000000070b200000, 0x000000070b200000, 0x000000070b400000|  0%| F|  |TAMS 0x000000070b200000| PB 0x000000070b200000| Untracked 
|  71|0x000000070b400000, 0x000000070b600000, 0x000000070b600000|100%|HS|  |TAMS 0x000000070b400000| PB 0x000000070b400000| Complete 
|  72|0x000000070b600000, 0x000000070b600000, 0x000000070b800000|  0%| F|  |TAMS 0x000000070b600000| PB 0x000000070b600000| Untracked 
|  73|0x000000070b800000, 0x000000070ba00000, 0x000000070ba00000|100%|HS|  |TAMS 0x000000070b800000| PB 0x000000070b800000| Complete 
|  74|0x000000070ba00000, 0x000000070ba00000, 0x000000070bc00000|  0%| F|  |TAMS 0x000000070ba00000| PB 0x000000070ba00000| Untracked 
|  75|0x000000070bc00000, 0x000000070be00000, 0x000000070be00000|100%|HS|  |TAMS 0x000000070bc00000| PB 0x000000070bc00000| Complete 
|  76|0x000000070be00000, 0x000000070be00000, 0x000000070c000000|  0%| F|  |TAMS 0x000000070be00000| PB 0x000000070be00000| Untracked 
|  77|0x000000070c000000, 0x000000070c200000, 0x000000070c200000|100%|HS|  |TAMS 0x000000070c000000| PB 0x000000070c000000| Complete 
|  78|0x000000070c200000, 0x000000070c200000, 0x000000070c400000|  0%| F|  |TAMS 0x000000070c200000| PB 0x000000070c200000| Untracked 
|  79|0x000000070c400000, 0x000000070c600000, 0x000000070c600000|100%|HS|  |TAMS 0x000000070c400000| PB 0x000000070c400000| Complete 
|  80|0x000000070c600000, 0x000000070c600000, 0x000000070c800000|  0%| F|  |TAMS 0x000000070c600000| PB 0x000000070c600000| Untracked 
|  81|0x000000070c800000, 0x000000070c800000, 0x000000070ca00000|  0%| F|  |TAMS 0x000000070c800000| PB 0x000000070c800000| Untracked 
|  82|0x000000070ca00000, 0x000000070ca00000, 0x000000070cc00000|  0%| F|  |TAMS 0x000000070ca00000| PB 0x000000070ca00000| Untracked 
|  83|0x000000070cc00000, 0x000000070ce00000, 0x000000070ce00000|100%|HS|  |TAMS 0x000000070cc00000| PB 0x000000070cc00000| Complete 
|  84|0x000000070ce00000, 0x000000070ce00000, 0x000000070d000000|  0%| F|  |TAMS 0x000000070ce00000| PB 0x000000070ce00000| Untracked 
|  85|0x000000070d000000, 0x000000070d200000, 0x000000070d200000|100%|HS|  |TAMS 0x000000070d000000| PB 0x000000070d000000| Complete 
|  86|0x000000070d200000, 0x000000070d200000, 0x000000070d400000|  0%| F|  |TAMS 0x000000070d200000| PB 0x000000070d200000| Untracked 
|  87|0x000000070d400000, 0x000000070d600000, 0x000000070d600000|100%|HS|  |TAMS 0x000000070d400000| PB 0x000000070d400000| Complete 
|  88|0x000000070d600000, 0x000000070d600000, 0x000000070d800000|  0%| F|  |TAMS 0x000000070d600000| PB 0x000000070d600000| Untracked 
|  89|0x000000070d800000, 0x000000070da00000, 0x000000070da00000|100%|HS|  |TAMS 0x000000070d800000| PB 0x000000070d800000| Complete 
|  90|0x000000070da00000, 0x000000070da00000, 0x000000070dc00000|  0%| F|  |TAMS 0x000000070da00000| PB 0x000000070da00000| Untracked 
|  91|0x000000070dc00000, 0x000000070de00000, 0x000000070de00000|100%|HS|  |TAMS 0x000000070dc00000| PB 0x000000070dc00000| Complete 
|  92|0x000000070de00000, 0x000000070de00000, 0x000000070e000000|  0%| F|  |TAMS 0x000000070de00000| PB 0x000000070de00000| Untracked 
|  93|0x000000070e000000, 0x000000070e200000, 0x000000070e200000|100%|HS|  |TAMS 0x000000070e000000| PB 0x000000070e000000| Complete 
|  94|0x000000070e200000, 0x000000070e200000, 0x000000070e400000|  0%| F|  |TAMS 0x000000070e200000| PB 0x000000070e200000| Untracked 
|  95|0x000000070e400000, 0x000000070e600000, 0x000000070e600000|100%|HS|  |TAMS 0x000000070e400000| PB 0x000000070e400000| Complete 
|  96|0x000000070e600000, 0x000000070e600000, 0x000000070e800000|  0%| F|  |TAMS 0x000000070e600000| PB 0x000000070e600000| Untracked 
|  97|0x000000070e800000, 0x000000070e800000, 0x000000070ea00000|  0%| F|  |TAMS 0x000000070e800000| PB 0x000000070e800000| Untracked 
|  98|0x000000070ea00000, 0x000000070ea00000, 0x000000070ec00000|  0%| F|  |TAMS 0x000000070ea00000| PB 0x000000070ea00000| Untracked 
|  99|0x000000070ec00000, 0x000000070ee00000, 0x000000070ee00000|100%|HS|  |TAMS 0x000000070ec00000| PB 0x000000070ec00000| Complete 
| 100|0x000000070ee00000, 0x000000070ee00000, 0x000000070f000000|  0%| F|  |TAMS 0x000000070ee00000| PB 0x000000070ee00000| Untracked 
| 101|0x000000070f000000, 0x000000070f200000, 0x000000070f200000|100%|HS|  |TAMS 0x000000070f000000| PB 0x000000070f000000| Complete 
| 102|0x000000070f200000, 0x000000070f200000, 0x000000070f400000|  0%| F|  |TAMS 0x000000070f200000| PB 0x000000070f200000| Untracked 
| 103|0x000000070f400000, 0x000000070f600000, 0x000000070f600000|100%|HS|  |TAMS 0x000000070f400000| PB 0x000000070f400000| Complete 
| 104|0x000000070f600000, 0x000000070f600000, 0x000000070f800000|  0%| F|  |TAMS 0x000000070f600000| PB 0x000000070f600000| Untracked 
| 105|0x000000070f800000, 0x000000070fa00000, 0x000000070fa00000|100%|HS|  |TAMS 0x000000070f800000| PB 0x000000070f800000| Complete 
| 106|0x000000070fa00000, 0x000000070fa00000, 0x000000070fc00000|  0%| F|  |TAMS 0x000000070fa00000| PB 0x000000070fa00000| Untracked 
| 107|0x000000070fc00000, 0x000000070fe00000, 0x000000070fe00000|100%|HS|  |TAMS 0x000000070fc00000| PB 0x000000070fc00000| Complete 
| 108|0x000000070fe00000, 0x0000000710000000, 0x0000000710000000|100%|HS|  |TAMS 0x000000070fe00000| PB 0x000000070fe00000| Complete 
| 109|0x0000000710000000, 0x0000000710200000, 0x0000000710200000|100%|HS|  |TAMS 0x0000000710000000| PB 0x0000000710000000| Complete 
| 110|0x0000000710200000, 0x0000000710400000, 0x0000000710400000|100%|HS|  |TAMS 0x0000000710200000| PB 0x0000000710200000| Complete 
| 111|0x0000000710400000, 0x0000000710600000, 0x0000000710600000|100%|HS|  |TAMS 0x0000000710400000| PB 0x0000000710400000| Complete 
| 112|0x0000000710600000, 0x0000000710800000, 0x0000000710800000|100%|HS|  |TAMS 0x0000000710600000| PB 0x0000000710600000| Complete 
| 113|0x0000000710800000, 0x0000000710800000, 0x0000000710a00000|  0%| F|  |TAMS 0x0000000710800000| PB 0x0000000710800000| Untracked 
| 114|0x0000000710a00000, 0x0000000710c00000, 0x0000000710c00000|100%|HS|  |TAMS 0x0000000710a00000| PB 0x0000000710a00000| Complete 
| 115|0x0000000710c00000, 0x0000000710e00000, 0x0000000710e00000|100%|HS|  |TAMS 0x0000000710c00000| PB 0x0000000710c00000| Complete 
| 116|0x0000000710e00000, 0x0000000711000000, 0x0000000711000000|100%|HS|  |TAMS 0x0000000710e00000| PB 0x0000000710e00000| Complete 
| 117|0x0000000711000000, 0x0000000711200000, 0x0000000711200000|100%|HS|  |TAMS 0x0000000711000000| PB 0x0000000711000000| Complete 
| 118|0x0000000711200000, 0x0000000711400000, 0x0000000711400000|100%|HS|  |TAMS 0x0000000711200000| PB 0x0000000711200000| Complete 
| 119|0x0000000711400000, 0x0000000711600000, 0x0000000711600000|100%|HS|  |TAMS 0x0000000711400000| PB 0x0000000711400000| Complete 
| 120|0x0000000711600000, 0x0000000711800000, 0x0000000711800000|100%|HS|  |TAMS 0x0000000711600000| PB 0x0000000711600000| Complete 
| 121|0x0000000711800000, 0x0000000711a00000, 0x0000000711a00000|100%|HS|  |TAMS 0x0000000711800000| PB 0x0000000711800000| Complete 
| 122|0x0000000711a00000, 0x0000000711c00000, 0x0000000711c00000|100%|HS|  |TAMS 0x0000000711a00000| PB 0x0000000711a00000| Complete 
| 123|0x0000000711c00000, 0x0000000711e00000, 0x0000000711e00000|100%|HS|  |TAMS 0x0000000711c00000| PB 0x0000000711c00000| Complete 
| 124|0x0000000711e00000, 0x0000000711e00000, 0x0000000712000000|  0%| F|  |TAMS 0x0000000711e00000| PB 0x0000000711e00000| Untracked 
| 125|0x0000000712000000, 0x0000000712200000, 0x0000000712200000|100%|HS|  |TAMS 0x0000000712000000| PB 0x0000000712000000| Complete 
| 126|0x0000000712200000, 0x0000000712400000, 0x0000000712400000|100%|HS|  |TAMS 0x0000000712200000| PB 0x0000000712200000| Complete 
| 127|0x0000000712400000, 0x0000000712600000, 0x0000000712600000|100%|HS|  |TAMS 0x0000000712400000| PB 0x0000000712400000| Complete 
| 128|0x0000000712600000, 0x0000000712800000, 0x0000000712800000|100%|HS|  |TAMS 0x0000000712600000| PB 0x0000000712600000| Complete 
| 129|0x0000000712800000, 0x0000000712a00000, 0x0000000712a00000|100%|HS|  |TAMS 0x0000000712800000| PB 0x0000000712800000| Complete 
| 130|0x0000000712a00000, 0x0000000712c00000, 0x0000000712c00000|100%|HS|  |TAMS 0x0000000712a00000| PB 0x0000000712a00000| Complete 
| 131|0x0000000712c00000, 0x0000000712e00000, 0x0000000712e00000|100%|HS|  |TAMS 0x0000000712c00000| PB 0x0000000712c00000| Complete 
| 132|0x0000000712e00000, 0x0000000713000000, 0x0000000713000000|100%|HS|  |TAMS 0x0000000712e00000| PB 0x0000000712e00000| Complete 
| 133|0x0000000713000000, 0x0000000713200000, 0x0000000713200000|100%|HS|  |TAMS 0x0000000713000000| PB 0x0000000713000000| Complete 
| 134|0x0000000713200000, 0x0000000713400000, 0x0000000713400000|100%|HS|  |TAMS 0x0000000713200000| PB 0x0000000713200000| Complete 
| 135|0x0000000713400000, 0x0000000713600000, 0x0000000713600000|100%|HS|  |TAMS 0x0000000713400000| PB 0x0000000713400000| Complete 
| 136|0x0000000713600000, 0x0000000713800000, 0x0000000713800000|100%|HS|  |TAMS 0x0000000713600000| PB 0x0000000713600000| Complete 
| 137|0x0000000713800000, 0x0000000713a00000, 0x0000000713a00000|100%|HS|  |TAMS 0x0000000713800000| PB 0x0000000713800000| Complete 
| 138|0x0000000713a00000, 0x0000000713c00000, 0x0000000713c00000|100%|HS|  |TAMS 0x0000000713a00000| PB 0x0000000713a00000| Complete 
| 139|0x0000000713c00000, 0x0000000713e00000, 0x0000000713e00000|100%|HS|  |TAMS 0x0000000713c00000| PB 0x0000000713c00000| Complete 
| 140|0x0000000713e00000, 0x0000000713e00000, 0x0000000714000000|  0%| F|  |TAMS 0x0000000713e00000| PB 0x0000000713e00000| Untracked 
| 141|0x0000000714000000, 0x0000000714200000, 0x0000000714200000|100%|HS|  |TAMS 0x0000000714000000| PB 0x0000000714000000| Complete 
| 142|0x0000000714200000, 0x0000000714400000, 0x0000000714400000|100%|HS|  |TAMS 0x0000000714200000| PB 0x0000000714200000| Complete 
| 143|0x0000000714400000, 0x0000000714600000, 0x0000000714600000|100%|HS|  |TAMS 0x0000000714400000| PB 0x0000000714400000| Complete 
| 144|0x0000000714600000, 0x0000000714800000, 0x0000000714800000|100%|HS|  |TAMS 0x0000000714600000| PB 0x0000000714600000| Complete 
| 145|0x0000000714800000, 0x0000000714a00000, 0x0000000714a00000|100%|HS|  |TAMS 0x0000000714800000| PB 0x0000000714800000| Complete 
| 146|0x0000000714a00000, 0x0000000714c00000, 0x0000000714c00000|100%|HS|  |TAMS 0x0000000714a00000| PB 0x0000000714a00000| Complete 
| 147|0x0000000714c00000, 0x0000000714e00000, 0x0000000714e00000|100%|HS|  |TAMS 0x0000000714c00000| PB 0x0000000714c00000| Complete 
| 148|0x0000000714e00000, 0x0000000715000000, 0x0000000715000000|100%|HS|  |TAMS 0x0000000714e00000| PB 0x0000000714e00000| Complete 
| 149|0x0000000715000000, 0x0000000715200000, 0x0000000715200000|100%|HS|  |TAMS 0x0000000715000000| PB 0x0000000715000000| Complete 
| 150|0x0000000715200000, 0x0000000715400000, 0x0000000715400000|100%|HS|  |TAMS 0x0000000715200000| PB 0x0000000715200000| Complete 
| 151|0x0000000715400000, 0x0000000715600000, 0x0000000715600000|100%|HS|  |TAMS 0x0000000715400000| PB 0x0000000715400000| Complete 
| 152|0x0000000715600000, 0x0000000715800000, 0x0000000715800000|100%|HS|  |TAMS 0x0000000715600000| PB 0x0000000715600000| Complete 
| 153|0x0000000715800000, 0x0000000715a00000, 0x0000000715a00000|100%|HS|  |TAMS 0x0000000715800000| PB 0x0000000715800000| Complete 
| 154|0x0000000715a00000, 0x0000000715c00000, 0x0000000715c00000|100%|HS|  |TAMS 0x0000000715a00000| PB 0x0000000715a00000| Complete 
| 155|0x0000000715c00000, 0x0000000715e00000, 0x0000000715e00000|100%|HS|  |TAMS 0x0000000715c00000| PB 0x0000000715c00000| Complete 
| 156|0x0000000715e00000, 0x0000000716000000, 0x0000000716000000|100%|HS|  |TAMS 0x0000000715e00000| PB 0x0000000715e00000| Complete 
| 157|0x0000000716000000, 0x0000000716200000, 0x0000000716200000|100%|HS|  |TAMS 0x0000000716000000| PB 0x0000000716000000| Complete 
| 158|0x0000000716200000, 0x0000000716400000, 0x0000000716400000|100%|HS|  |TAMS 0x0000000716200000| PB 0x0000000716200000| Complete 
| 159|0x0000000716400000, 0x0000000716600000, 0x0000000716600000|100%|HS|  |TAMS 0x0000000716400000| PB 0x0000000716400000| Complete 
| 160|0x0000000716600000, 0x0000000716800000, 0x0000000716800000|100%|HS|  |TAMS 0x0000000716600000| PB 0x0000000716600000| Complete 
| 161|0x0000000716800000, 0x0000000716a00000, 0x0000000716a00000|100%|HS|  |TAMS 0x0000000716800000| PB 0x0000000716800000| Complete 
| 162|0x0000000716a00000, 0x0000000716c00000, 0x0000000716c00000|100%|HS|  |TAMS 0x0000000716a00000| PB 0x0000000716a00000| Complete 
| 163|0x0000000716c00000, 0x0000000716e00000, 0x0000000716e00000|100%|HS|  |TAMS 0x0000000716c00000| PB 0x0000000716c00000| Complete 
| 164|0x0000000716e00000, 0x0000000717000000, 0x0000000717000000|100%|HS|  |TAMS 0x0000000716e00000| PB 0x0000000716e00000| Complete 
| 165|0x0000000717000000, 0x0000000717200000, 0x0000000717200000|100%|HS|  |TAMS 0x0000000717000000| PB 0x0000000717000000| Complete 
| 166|0x0000000717200000, 0x0000000717400000, 0x0000000717400000|100%|HS|  |TAMS 0x0000000717200000| PB 0x0000000717200000| Complete 
| 167|0x0000000717400000, 0x0000000717600000, 0x0000000717600000|100%|HS|  |TAMS 0x0000000717400000| PB 0x0000000717400000| Complete 
| 168|0x0000000717600000, 0x0000000717800000, 0x0000000717800000|100%|HS|  |TAMS 0x0000000717600000| PB 0x0000000717600000| Complete 
| 169|0x0000000717800000, 0x0000000717a00000, 0x0000000717a00000|100%|HS|  |TAMS 0x0000000717800000| PB 0x0000000717800000| Complete 
| 170|0x0000000717a00000, 0x0000000717c00000, 0x0000000717c00000|100%|HS|  |TAMS 0x0000000717a00000| PB 0x0000000717a00000| Complete 
| 171|0x0000000717c00000, 0x0000000717e00000, 0x0000000717e00000|100%|HS|  |TAMS 0x0000000717c00000| PB 0x0000000717c00000| Complete 
| 172|0x0000000717e00000, 0x0000000718000000, 0x0000000718000000|100%|HS|  |TAMS 0x0000000717e00000| PB 0x0000000717e00000| Complete 
| 173|0x0000000718000000, 0x0000000718200000, 0x0000000718200000|100%|HS|  |TAMS 0x0000000718000000| PB 0x0000000718000000| Complete 
| 174|0x0000000718200000, 0x0000000718400000, 0x0000000718400000|100%|HS|  |TAMS 0x0000000718200000| PB 0x0000000718200000| Complete 
| 175|0x0000000718400000, 0x0000000718600000, 0x0000000718600000|100%|HS|  |TAMS 0x0000000718400000| PB 0x0000000718400000| Complete 
| 176|0x0000000718600000, 0x0000000718800000, 0x0000000718800000|100%|HS|  |TAMS 0x0000000718600000| PB 0x0000000718600000| Complete 
| 177|0x0000000718800000, 0x0000000718a00000, 0x0000000718a00000|100%|HS|  |TAMS 0x0000000718800000| PB 0x0000000718800000| Complete 
| 178|0x0000000718a00000, 0x0000000718c00000, 0x0000000718c00000|100%|HS|  |TAMS 0x0000000718a00000| PB 0x0000000718a00000| Complete 
| 179|0x0000000718c00000, 0x0000000718e00000, 0x0000000718e00000|100%|HS|  |TAMS 0x0000000718c00000| PB 0x0000000718c00000| Complete 
| 180|0x0000000718e00000, 0x0000000719000000, 0x0000000719000000|100%|HS|  |TAMS 0x0000000718e00000| PB 0x0000000718e00000| Complete 
| 181|0x0000000719000000, 0x0000000719200000, 0x0000000719200000|100%|HS|  |TAMS 0x0000000719000000| PB 0x0000000719000000| Complete 
| 182|0x0000000719200000, 0x0000000719400000, 0x0000000719400000|100%|HS|  |TAMS 0x0000000719200000| PB 0x0000000719200000| Complete 
| 183|0x0000000719400000, 0x0000000719600000, 0x0000000719600000|100%|HS|  |TAMS 0x0000000719400000| PB 0x0000000719400000| Complete 
| 184|0x0000000719600000, 0x0000000719800000, 0x0000000719800000|100%|HS|  |TAMS 0x0000000719600000| PB 0x0000000719600000| Complete 
| 185|0x0000000719800000, 0x0000000719a00000, 0x0000000719a00000|100%|HS|  |TAMS 0x0000000719800000| PB 0x0000000719800000| Complete 
| 186|0x0000000719a00000, 0x0000000719c00000, 0x0000000719c00000|100%|HS|  |TAMS 0x0000000719a00000| PB 0x0000000719a00000| Complete 
| 187|0x0000000719c00000, 0x0000000719e00000, 0x0000000719e00000|100%|HS|  |TAMS 0x0000000719c00000| PB 0x0000000719c00000| Complete 
| 188|0x0000000719e00000, 0x000000071a000000, 0x000000071a000000|100%|HS|  |TAMS 0x0000000719e00000| PB 0x0000000719e00000| Complete 
| 189|0x000000071a000000, 0x000000071a200000, 0x000000071a200000|100%|HS|  |TAMS 0x000000071a000000| PB 0x000000071a000000| Complete 
| 190|0x000000071a200000, 0x000000071a400000, 0x000000071a400000|100%|HS|  |TAMS 0x000000071a200000| PB 0x000000071a200000| Complete 
| 191|0x000000071a400000, 0x000000071a600000, 0x000000071a600000|100%|HS|  |TAMS 0x000000071a400000| PB 0x000000071a400000| Complete 
| 192|0x000000071a600000, 0x000000071a800000, 0x000000071a800000|100%|HS|  |TAMS 0x000000071a600000| PB 0x000000071a600000| Complete 
| 193|0x000000071a800000, 0x000000071aa00000, 0x000000071aa00000|100%|HS|  |TAMS 0x000000071a800000| PB 0x000000071a800000| Complete 
| 194|0x000000071aa00000, 0x000000071ac00000, 0x000000071ac00000|100%|HS|  |TAMS 0x000000071aa00000| PB 0x000000071aa00000| Complete 
| 195|0x000000071ac00000, 0x000000071ae00000, 0x000000071ae00000|100%|HS|  |TAMS 0x000000071ac00000| PB 0x000000071ac00000| Complete 
| 196|0x000000071ae00000, 0x000000071b000000, 0x000000071b000000|100%|HS|  |TAMS 0x000000071ae00000| PB 0x000000071ae00000| Complete 
| 197|0x000000071b000000, 0x000000071b200000, 0x000000071b200000|100%|HS|  |TAMS 0x000000071b000000| PB 0x000000071b000000| Complete 
| 198|0x000000071b200000, 0x000000071b400000, 0x000000071b400000|100%|HS|  |TAMS 0x000000071b200000| PB 0x000000071b200000| Complete 
| 199|0x000000071b400000, 0x000000071b600000, 0x000000071b600000|100%|HS|  |TAMS 0x000000071b400000| PB 0x000000071b400000| Complete 
| 200|0x000000071b600000, 0x000000071b800000, 0x000000071b800000|100%|HS|  |TAMS 0x000000071b600000| PB 0x000000071b600000| Complete 
| 201|0x000000071b800000, 0x000000071ba00000, 0x000000071ba00000|100%|HS|  |TAMS 0x000000071b800000| PB 0x000000071b800000| Complete 
| 202|0x000000071ba00000, 0x000000071bc00000, 0x000000071bc00000|100%|HS|  |TAMS 0x000000071ba00000| PB 0x000000071ba00000| Complete 
| 203|0x000000071bc00000, 0x000000071be00000, 0x000000071be00000|100%|HS|  |TAMS 0x000000071bc00000| PB 0x000000071bc00000| Complete 
| 204|0x000000071be00000, 0x000000071c000000, 0x000000071c000000|100%|HS|  |TAMS 0x000000071be00000| PB 0x000000071be00000| Complete 
| 205|0x000000071c000000, 0x000000071c200000, 0x000000071c200000|100%|HS|  |TAMS 0x000000071c000000| PB 0x000000071c000000| Complete 
| 206|0x000000071c200000, 0x000000071c400000, 0x000000071c400000|100%|HS|  |TAMS 0x000000071c200000| PB 0x000000071c200000| Complete 
| 207|0x000000071c400000, 0x000000071c600000, 0x000000071c600000|100%|HS|  |TAMS 0x000000071c400000| PB 0x000000071c400000| Complete 
| 208|0x000000071c600000, 0x000000071c800000, 0x000000071c800000|100%|HS|  |TAMS 0x000000071c600000| PB 0x000000071c600000| Complete 
| 209|0x000000071c800000, 0x000000071ca00000, 0x000000071ca00000|100%|HS|  |TAMS 0x000000071c800000| PB 0x000000071c800000| Complete 
| 210|0x000000071ca00000, 0x000000071cc00000, 0x000000071cc00000|100%|HS|  |TAMS 0x000000071ca00000| PB 0x000000071ca00000| Complete 
| 211|0x000000071cc00000, 0x000000071ce00000, 0x000000071ce00000|100%|HS|  |TAMS 0x000000071cc00000| PB 0x000000071cc00000| Complete 
| 212|0x000000071ce00000, 0x000000071d000000, 0x000000071d000000|100%|HS|  |TAMS 0x000000071ce00000| PB 0x000000071ce00000| Complete 
| 213|0x000000071d000000, 0x000000071d200000, 0x000000071d200000|100%|HS|  |TAMS 0x000000071d000000| PB 0x000000071d000000| Complete 
| 214|0x000000071d200000, 0x000000071d400000, 0x000000071d400000|100%|HS|  |TAMS 0x000000071d200000| PB 0x000000071d200000| Complete 
| 215|0x000000071d400000, 0x000000071d600000, 0x000000071d600000|100%|HS|  |TAMS 0x000000071d400000| PB 0x000000071d400000| Complete 
| 216|0x000000071d600000, 0x000000071d800000, 0x000000071d800000|100%|HS|  |TAMS 0x000000071d600000| PB 0x000000071d600000| Complete 
| 217|0x000000071d800000, 0x000000071da00000, 0x000000071da00000|100%|HS|  |TAMS 0x000000071d800000| PB 0x000000071d800000| Complete 
| 218|0x000000071da00000, 0x000000071dc00000, 0x000000071dc00000|100%|HS|  |TAMS 0x000000071da00000| PB 0x000000071da00000| Complete 
| 219|0x000000071dc00000, 0x000000071de00000, 0x000000071de00000|100%|HS|  |TAMS 0x000000071dc00000| PB 0x000000071dc00000| Complete 
| 220|0x000000071de00000, 0x000000071e000000, 0x000000071e000000|100%|HS|  |TAMS 0x000000071de00000| PB 0x000000071de00000| Complete 
| 221|0x000000071e000000, 0x000000071e200000, 0x000000071e200000|100%|HS|  |TAMS 0x000000071e000000| PB 0x000000071e000000| Complete 
| 222|0x000000071e200000, 0x000000071e400000, 0x000000071e400000|100%|HS|  |TAMS 0x000000071e200000| PB 0x000000071e200000| Complete 
| 223|0x000000071e400000, 0x000000071e600000, 0x000000071e600000|100%|HS|  |TAMS 0x000000071e400000| PB 0x000000071e400000| Complete 
| 224|0x000000071e600000, 0x000000071e800000, 0x000000071e800000|100%|HS|  |TAMS 0x000000071e600000| PB 0x000000071e600000| Complete 
| 225|0x000000071e800000, 0x000000071ea00000, 0x000000071ea00000|100%|HS|  |TAMS 0x000000071e800000| PB 0x000000071e800000| Complete 
| 226|0x000000071ea00000, 0x000000071ec00000, 0x000000071ec00000|100%|HS|  |TAMS 0x000000071ea00000| PB 0x000000071ea00000| Complete 
| 227|0x000000071ec00000, 0x000000071ee00000, 0x000000071ee00000|100%|HS|  |TAMS 0x000000071ec00000| PB 0x000000071ec00000| Complete 
| 228|0x000000071ee00000, 0x000000071f000000, 0x000000071f000000|100%|HS|  |TAMS 0x000000071ee00000| PB 0x000000071ee00000| Complete 
| 229|0x000000071f000000, 0x000000071f200000, 0x000000071f200000|100%|HS|  |TAMS 0x000000071f000000| PB 0x000000071f000000| Complete 
| 230|0x000000071f200000, 0x000000071f400000, 0x000000071f400000|100%|HS|  |TAMS 0x000000071f200000| PB 0x000000071f200000| Complete 
| 231|0x000000071f400000, 0x000000071f600000, 0x000000071f600000|100%|HS|  |TAMS 0x000000071f400000| PB 0x000000071f400000| Complete 
| 232|0x000000071f600000, 0x000000071f800000, 0x000000071f800000|100%|HS|  |TAMS 0x000000071f600000| PB 0x000000071f600000| Complete 
| 233|0x000000071f800000, 0x000000071fa00000, 0x000000071fa00000|100%|HS|  |TAMS 0x000000071f800000| PB 0x000000071f800000| Complete 
| 234|0x000000071fa00000, 0x000000071fc00000, 0x000000071fc00000|100%|HS|  |TAMS 0x000000071fa00000| PB 0x000000071fa00000| Complete 
| 235|0x000000071fc00000, 0x000000071fe00000, 0x000000071fe00000|100%|HS|  |TAMS 0x000000071fc00000| PB 0x000000071fc00000| Complete 
| 236|0x000000071fe00000, 0x0000000720000000, 0x0000000720000000|100%|HS|  |TAMS 0x000000071fe00000| PB 0x000000071fe00000| Complete 
| 237|0x0000000720000000, 0x0000000720200000, 0x0000000720200000|100%|HS|  |TAMS 0x0000000720000000| PB 0x0000000720000000| Complete 
| 238|0x0000000720200000, 0x0000000720400000, 0x0000000720400000|100%|HS|  |TAMS 0x0000000720200000| PB 0x0000000720200000| Complete 
| 239|0x0000000720400000, 0x0000000720600000, 0x0000000720600000|100%|HS|  |TAMS 0x0000000720400000| PB 0x0000000720400000| Complete 
| 240|0x0000000720600000, 0x0000000720800000, 0x0000000720800000|100%|HS|  |TAMS 0x0000000720600000| PB 0x0000000720600000| Complete 
| 241|0x0000000720800000, 0x0000000720a00000, 0x0000000720a00000|100%|HS|  |TAMS 0x0000000720800000| PB 0x0000000720800000| Complete 
| 242|0x0000000720a00000, 0x0000000720c00000, 0x0000000720c00000|100%|HS|  |TAMS 0x0000000720a00000| PB 0x0000000720a00000| Complete 
| 243|0x0000000720c00000, 0x0000000720e00000, 0x0000000720e00000|100%|HS|  |TAMS 0x0000000720c00000| PB 0x0000000720c00000| Complete 
| 244|0x0000000720e00000, 0x0000000721000000, 0x0000000721000000|100%|HS|  |TAMS 0x0000000720e00000| PB 0x0000000720e00000| Complete 
| 245|0x0000000721000000, 0x0000000721200000, 0x0000000721200000|100%|HS|  |TAMS 0x0000000721000000| PB 0x0000000721000000| Complete 
| 246|0x0000000721200000, 0x0000000721400000, 0x0000000721400000|100%|HS|  |TAMS 0x0000000721200000| PB 0x0000000721200000| Complete 
| 247|0x0000000721400000, 0x0000000721600000, 0x0000000721600000|100%|HS|  |TAMS 0x0000000721400000| PB 0x0000000721400000| Complete 
| 248|0x0000000721600000, 0x0000000721800000, 0x0000000721800000|100%|HS|  |TAMS 0x0000000721600000| PB 0x0000000721600000| Complete 
| 249|0x0000000721800000, 0x0000000721a00000, 0x0000000721a00000|100%|HS|  |TAMS 0x0000000721800000| PB 0x0000000721800000| Complete 
| 250|0x0000000721a00000, 0x0000000721c00000, 0x0000000721c00000|100%|HS|  |TAMS 0x0000000721a00000| PB 0x0000000721a00000| Complete 
| 251|0x0000000721c00000, 0x0000000721e00000, 0x0000000721e00000|100%|HS|  |TAMS 0x0000000721c00000| PB 0x0000000721c00000| Complete 
| 252|0x0000000721e00000, 0x0000000722000000, 0x0000000722000000|100%|HS|  |TAMS 0x0000000721e00000| PB 0x0000000721e00000| Complete 
| 253|0x0000000722000000, 0x0000000722200000, 0x0000000722200000|100%|HS|  |TAMS 0x0000000722000000| PB 0x0000000722000000| Complete 
| 254|0x0000000722200000, 0x0000000722400000, 0x0000000722400000|100%|HS|  |TAMS 0x0000000722200000| PB 0x0000000722200000| Complete 
| 255|0x0000000722400000, 0x0000000722600000, 0x0000000722600000|100%|HS|  |TAMS 0x0000000722400000| PB 0x0000000722400000| Complete 
| 256|0x0000000722600000, 0x0000000722800000, 0x0000000722800000|100%|HS|  |TAMS 0x0000000722600000| PB 0x0000000722600000| Complete 
| 257|0x0000000722800000, 0x0000000722a00000, 0x0000000722a00000|100%|HS|  |TAMS 0x0000000722800000| PB 0x0000000722800000| Complete 
| 258|0x0000000722a00000, 0x0000000722c00000, 0x0000000722c00000|100%|HS|  |TAMS 0x0000000722a00000| PB 0x0000000722a00000| Complete 
| 259|0x0000000722c00000, 0x0000000722e00000, 0x0000000722e00000|100%|HS|  |TAMS 0x0000000722c00000| PB 0x0000000722c00000| Complete 
| 260|0x0000000722e00000, 0x0000000723000000, 0x0000000723000000|100%|HS|  |TAMS 0x0000000722e00000| PB 0x0000000722e00000| Complete 
| 261|0x0000000723000000, 0x0000000723200000, 0x0000000723200000|100%|HS|  |TAMS 0x0000000723000000| PB 0x0000000723000000| Complete 
| 262|0x0000000723200000, 0x0000000723400000, 0x0000000723400000|100%|HS|  |TAMS 0x0000000723200000| PB 0x0000000723200000| Complete 
| 263|0x0000000723400000, 0x0000000723600000, 0x0000000723600000|100%|HS|  |TAMS 0x0000000723400000| PB 0x0000000723400000| Complete 
| 264|0x0000000723600000, 0x0000000723800000, 0x0000000723800000|100%|HS|  |TAMS 0x0000000723600000| PB 0x0000000723600000| Complete 
| 265|0x0000000723800000, 0x0000000723a00000, 0x0000000723a00000|100%|HS|  |TAMS 0x0000000723800000| PB 0x0000000723800000| Complete 
| 266|0x0000000723a00000, 0x0000000723c00000, 0x0000000723c00000|100%|HS|  |TAMS 0x0000000723a00000| PB 0x0000000723a00000| Complete 
| 267|0x0000000723c00000, 0x0000000723e00000, 0x0000000723e00000|100%|HS|  |TAMS 0x0000000723c00000| PB 0x0000000723c00000| Complete 
| 268|0x0000000723e00000, 0x0000000724000000, 0x0000000724000000|100%|HS|  |TAMS 0x0000000723e00000| PB 0x0000000723e00000| Complete 
| 269|0x0000000724000000, 0x0000000724200000, 0x0000000724200000|100%|HS|  |TAMS 0x0000000724000000| PB 0x0000000724000000| Complete 
| 270|0x0000000724200000, 0x0000000724400000, 0x0000000724400000|100%|HS|  |TAMS 0x0000000724200000| PB 0x0000000724200000| Complete 
| 271|0x0000000724400000, 0x0000000724600000, 0x0000000724600000|100%|HS|  |TAMS 0x0000000724400000| PB 0x0000000724400000| Complete 
| 272|0x0000000724600000, 0x0000000724800000, 0x0000000724800000|100%|HS|  |TAMS 0x0000000724600000| PB 0x0000000724600000| Complete 
| 273|0x0000000724800000, 0x0000000724a00000, 0x0000000724a00000|100%|HS|  |TAMS 0x0000000724800000| PB 0x0000000724800000| Complete 
| 274|0x0000000724a00000, 0x0000000724c00000, 0x0000000724c00000|100%|HS|  |TAMS 0x0000000724a00000| PB 0x0000000724a00000| Complete 
| 275|0x0000000724c00000, 0x0000000724e00000, 0x0000000724e00000|100%|HS|  |TAMS 0x0000000724c00000| PB 0x0000000724c00000| Complete 
| 276|0x0000000724e00000, 0x0000000725000000, 0x0000000725000000|100%|HS|  |TAMS 0x0000000724e00000| PB 0x0000000724e00000| Complete 
| 277|0x0000000725000000, 0x0000000725200000, 0x0000000725200000|100%|HS|  |TAMS 0x0000000725000000| PB 0x0000000725000000| Complete 
| 278|0x0000000725200000, 0x0000000725400000, 0x0000000725400000|100%|HS|  |TAMS 0x0000000725200000| PB 0x0000000725200000| Complete 
| 279|0x0000000725400000, 0x0000000725600000, 0x0000000725600000|100%|HS|  |TAMS 0x0000000725400000| PB 0x0000000725400000| Complete 
| 280|0x0000000725600000, 0x0000000725800000, 0x0000000725800000|100%|HS|  |TAMS 0x0000000725600000| PB 0x0000000725600000| Complete 
| 281|0x0000000725800000, 0x0000000725a00000, 0x0000000725a00000|100%|HS|  |TAMS 0x0000000725800000| PB 0x0000000725800000| Complete 
| 282|0x0000000725a00000, 0x0000000725c00000, 0x0000000725c00000|100%|HS|  |TAMS 0x0000000725a00000| PB 0x0000000725a00000| Complete 
| 283|0x0000000725c00000, 0x0000000725e00000, 0x0000000725e00000|100%|HS|  |TAMS 0x0000000725c00000| PB 0x0000000725c00000| Complete 
| 284|0x0000000725e00000, 0x0000000726000000, 0x0000000726000000|100%|HS|  |TAMS 0x0000000725e00000| PB 0x0000000725e00000| Complete 
| 285|0x0000000726000000, 0x0000000726200000, 0x0000000726200000|100%|HS|  |TAMS 0x0000000726000000| PB 0x0000000726000000| Complete 
| 286|0x0000000726200000, 0x0000000726400000, 0x0000000726400000|100%|HS|  |TAMS 0x0000000726200000| PB 0x0000000726200000| Complete 
| 287|0x0000000726400000, 0x0000000726600000, 0x0000000726600000|100%|HS|  |TAMS 0x0000000726400000| PB 0x0000000726400000| Complete 
| 288|0x0000000726600000, 0x0000000726800000, 0x0000000726800000|100%|HS|  |TAMS 0x0000000726600000| PB 0x0000000726600000| Complete 
| 289|0x0000000726800000, 0x0000000726a00000, 0x0000000726a00000|100%|HS|  |TAMS 0x0000000726800000| PB 0x0000000726800000| Complete 
| 290|0x0000000726a00000, 0x0000000726c00000, 0x0000000726c00000|100%|HS|  |TAMS 0x0000000726a00000| PB 0x0000000726a00000| Complete 
| 291|0x0000000726c00000, 0x0000000726e00000, 0x0000000726e00000|100%|HS|  |TAMS 0x0000000726c00000| PB 0x0000000726c00000| Complete 
| 292|0x0000000726e00000, 0x0000000727000000, 0x0000000727000000|100%|HS|  |TAMS 0x0000000726e00000| PB 0x0000000726e00000| Complete 
| 293|0x0000000727000000, 0x0000000727200000, 0x0000000727200000|100%|HS|  |TAMS 0x0000000727000000| PB 0x0000000727000000| Complete 
| 294|0x0000000727200000, 0x0000000727400000, 0x0000000727400000|100%|HS|  |TAMS 0x0000000727200000| PB 0x0000000727200000| Complete 
| 295|0x0000000727400000, 0x0000000727600000, 0x0000000727600000|100%|HS|  |TAMS 0x0000000727400000| PB 0x0000000727400000| Complete 
| 296|0x0000000727600000, 0x0000000727800000, 0x0000000727800000|100%|HS|  |TAMS 0x0000000727600000| PB 0x0000000727600000| Complete 
| 297|0x0000000727800000, 0x0000000727a00000, 0x0000000727a00000|100%|HS|  |TAMS 0x0000000727800000| PB 0x0000000727800000| Complete 
| 298|0x0000000727a00000, 0x0000000727c00000, 0x0000000727c00000|100%|HS|  |TAMS 0x0000000727a00000| PB 0x0000000727a00000| Complete 
| 299|0x0000000727c00000, 0x0000000727e00000, 0x0000000727e00000|100%|HS|  |TAMS 0x0000000727c00000| PB 0x0000000727c00000| Complete 
| 300|0x0000000727e00000, 0x0000000728000000, 0x0000000728000000|100%|HS|  |TAMS 0x0000000727e00000| PB 0x0000000727e00000| Complete 
| 301|0x0000000728000000, 0x0000000728200000, 0x0000000728200000|100%|HS|  |TAMS 0x0000000728000000| PB 0x0000000728000000| Complete 
| 302|0x0000000728200000, 0x0000000728400000, 0x0000000728400000|100%|HS|  |TAMS 0x0000000728200000| PB 0x0000000728200000| Complete 
| 303|0x0000000728400000, 0x0000000728600000, 0x0000000728600000|100%|HS|  |TAMS 0x0000000728400000| PB 0x0000000728400000| Complete 
| 304|0x0000000728600000, 0x0000000728800000, 0x0000000728800000|100%|HS|  |TAMS 0x0000000728600000| PB 0x0000000728600000| Complete 
| 305|0x0000000728800000, 0x0000000728a00000, 0x0000000728a00000|100%|HS|  |TAMS 0x0000000728800000| PB 0x0000000728800000| Complete 
| 306|0x0000000728a00000, 0x0000000728c00000, 0x0000000728c00000|100%|HS|  |TAMS 0x0000000728a00000| PB 0x0000000728a00000| Complete 
| 307|0x0000000728c00000, 0x0000000728e00000, 0x0000000728e00000|100%|HS|  |TAMS 0x0000000728c00000| PB 0x0000000728c00000| Complete 
| 308|0x0000000728e00000, 0x0000000729000000, 0x0000000729000000|100%|HS|  |TAMS 0x0000000728e00000| PB 0x0000000728e00000| Complete 
| 309|0x0000000729000000, 0x0000000729200000, 0x0000000729200000|100%|HS|  |TAMS 0x0000000729000000| PB 0x0000000729000000| Complete 
| 310|0x0000000729200000, 0x0000000729400000, 0x0000000729400000|100%|HS|  |TAMS 0x0000000729200000| PB 0x0000000729200000| Complete 
| 311|0x0000000729400000, 0x0000000729600000, 0x0000000729600000|100%|HS|  |TAMS 0x0000000729400000| PB 0x0000000729400000| Complete 
| 312|0x0000000729600000, 0x0000000729800000, 0x0000000729800000|100%|HS|  |TAMS 0x0000000729600000| PB 0x0000000729600000| Complete 
| 313|0x0000000729800000, 0x0000000729a00000, 0x0000000729a00000|100%|HS|  |TAMS 0x0000000729800000| PB 0x0000000729800000| Complete 
| 314|0x0000000729a00000, 0x0000000729c00000, 0x0000000729c00000|100%|HS|  |TAMS 0x0000000729a00000| PB 0x0000000729a00000| Complete 
| 315|0x0000000729c00000, 0x0000000729e00000, 0x0000000729e00000|100%|HS|  |TAMS 0x0000000729c00000| PB 0x0000000729c00000| Complete 
| 316|0x0000000729e00000, 0x000000072a000000, 0x000000072a000000|100%|HS|  |TAMS 0x0000000729e00000| PB 0x0000000729e00000| Complete 
| 317|0x000000072a000000, 0x000000072a200000, 0x000000072a200000|100%|HS|  |TAMS 0x000000072a000000| PB 0x000000072a000000| Complete 
| 318|0x000000072a200000, 0x000000072a400000, 0x000000072a400000|100%|HS|  |TAMS 0x000000072a200000| PB 0x000000072a200000| Complete 
| 319|0x000000072a400000, 0x000000072a600000, 0x000000072a600000|100%|HS|  |TAMS 0x000000072a400000| PB 0x000000072a400000| Complete 
| 320|0x000000072a600000, 0x000000072a800000, 0x000000072a800000|100%|HS|  |TAMS 0x000000072a600000| PB 0x000000072a600000| Complete 
| 321|0x000000072a800000, 0x000000072aa00000, 0x000000072aa00000|100%|HS|  |TAMS 0x000000072a800000| PB 0x000000072a800000| Complete 
| 322|0x000000072aa00000, 0x000000072ac00000, 0x000000072ac00000|100%|HS|  |TAMS 0x000000072aa00000| PB 0x000000072aa00000| Complete 
| 323|0x000000072ac00000, 0x000000072ae00000, 0x000000072ae00000|100%|HS|  |TAMS 0x000000072ac00000| PB 0x000000072ac00000| Complete 
| 324|0x000000072ae00000, 0x000000072b000000, 0x000000072b000000|100%|HS|  |TAMS 0x000000072ae00000| PB 0x000000072ae00000| Complete 
| 325|0x000000072b000000, 0x000000072b200000, 0x000000072b200000|100%|HS|  |TAMS 0x000000072b000000| PB 0x000000072b000000| Complete 
| 326|0x000000072b200000, 0x000000072b400000, 0x000000072b400000|100%|HS|  |TAMS 0x000000072b200000| PB 0x000000072b200000| Complete 
| 327|0x000000072b400000, 0x000000072b600000, 0x000000072b600000|100%|HS|  |TAMS 0x000000072b400000| PB 0x000000072b400000| Complete 
| 328|0x000000072b600000, 0x000000072b800000, 0x000000072b800000|100%|HS|  |TAMS 0x000000072b600000| PB 0x000000072b600000| Complete 
| 329|0x000000072b800000, 0x000000072ba00000, 0x000000072ba00000|100%|HS|  |TAMS 0x000000072b800000| PB 0x000000072b800000| Complete 
| 330|0x000000072ba00000, 0x000000072bc00000, 0x000000072bc00000|100%|HS|  |TAMS 0x000000072ba00000| PB 0x000000072ba00000| Complete 
| 331|0x000000072bc00000, 0x000000072be00000, 0x000000072be00000|100%|HS|  |TAMS 0x000000072bc00000| PB 0x000000072bc00000| Complete 
| 332|0x000000072be00000, 0x000000072c000000, 0x000000072c000000|100%|HS|  |TAMS 0x000000072be00000| PB 0x000000072be00000| Complete 
| 333|0x000000072c000000, 0x000000072c200000, 0x000000072c200000|100%|HS|  |TAMS 0x000000072c000000| PB 0x000000072c000000| Complete 
| 334|0x000000072c200000, 0x000000072c400000, 0x000000072c400000|100%|HS|  |TAMS 0x000000072c200000| PB 0x000000072c200000| Complete 
| 335|0x000000072c400000, 0x000000072c600000, 0x000000072c600000|100%|HS|  |TAMS 0x000000072c400000| PB 0x000000072c400000| Complete 
| 336|0x000000072c600000, 0x000000072c800000, 0x000000072c800000|100%|HS|  |TAMS 0x000000072c600000| PB 0x000000072c600000| Complete 
| 337|0x000000072c800000, 0x000000072ca00000, 0x000000072ca00000|100%|HS|  |TAMS 0x000000072c800000| PB 0x000000072c800000| Complete 
| 338|0x000000072ca00000, 0x000000072cc00000, 0x000000072cc00000|100%|HS|  |TAMS 0x000000072ca00000| PB 0x000000072ca00000| Complete 
| 339|0x000000072cc00000, 0x000000072ce00000, 0x000000072ce00000|100%|HS|  |TAMS 0x000000072cc00000| PB 0x000000072cc00000| Complete 
| 340|0x000000072ce00000, 0x000000072d000000, 0x000000072d000000|100%|HS|  |TAMS 0x000000072ce00000| PB 0x000000072ce00000| Complete 
| 341|0x000000072d000000, 0x000000072d200000, 0x000000072d200000|100%|HS|  |TAMS 0x000000072d000000| PB 0x000000072d000000| Complete 
| 342|0x000000072d200000, 0x000000072d400000, 0x000000072d400000|100%|HS|  |TAMS 0x000000072d200000| PB 0x000000072d200000| Complete 
| 343|0x000000072d400000, 0x000000072d600000, 0x000000072d600000|100%|HS|  |TAMS 0x000000072d400000| PB 0x000000072d400000| Complete 
| 344|0x000000072d600000, 0x000000072d800000, 0x000000072d800000|100%|HS|  |TAMS 0x000000072d600000| PB 0x000000072d600000| Complete 
| 345|0x000000072d800000, 0x000000072da00000, 0x000000072da00000|100%|HS|  |TAMS 0x000000072d800000| PB 0x000000072d800000| Complete 
| 346|0x000000072da00000, 0x000000072dc00000, 0x000000072dc00000|100%|HS|  |TAMS 0x000000072da00000| PB 0x000000072da00000| Complete 
| 347|0x000000072dc00000, 0x000000072de00000, 0x000000072de00000|100%|HS|  |TAMS 0x000000072dc00000| PB 0x000000072dc00000| Complete 
| 348|0x000000072de00000, 0x000000072e000000, 0x000000072e000000|100%|HS|  |TAMS 0x000000072de00000| PB 0x000000072de00000| Complete 
| 349|0x000000072e000000, 0x000000072e200000, 0x000000072e200000|100%|HS|  |TAMS 0x000000072e000000| PB 0x000000072e000000| Complete 
| 350|0x000000072e200000, 0x000000072e400000, 0x000000072e400000|100%|HS|  |TAMS 0x000000072e200000| PB 0x000000072e200000| Complete 
| 351|0x000000072e400000, 0x000000072e600000, 0x000000072e600000|100%|HS|  |TAMS 0x000000072e400000| PB 0x000000072e400000| Complete 
| 352|0x000000072e600000, 0x000000072e800000, 0x000000072e800000|100%|HS|  |TAMS 0x000000072e600000| PB 0x000000072e600000| Complete 
| 353|0x000000072e800000, 0x000000072ea00000, 0x000000072ea00000|100%|HS|  |TAMS 0x000000072e800000| PB 0x000000072e800000| Complete 
| 354|0x000000072ea00000, 0x000000072ec00000, 0x000000072ec00000|100%|HS|  |TAMS 0x000000072ea00000| PB 0x000000072ea00000| Complete 
| 355|0x000000072ec00000, 0x000000072ee00000, 0x000000072ee00000|100%|HS|  |TAMS 0x000000072ec00000| PB 0x000000072ec00000| Complete 
| 356|0x000000072ee00000, 0x000000072f000000, 0x000000072f000000|100%|HS|  |TAMS 0x000000072ee00000| PB 0x000000072ee00000| Complete 
| 357|0x000000072f000000, 0x000000072f200000, 0x000000072f200000|100%|HS|  |TAMS 0x000000072f000000| PB 0x000000072f000000| Complete 
| 358|0x000000072f200000, 0x000000072f400000, 0x000000072f400000|100%|HS|  |TAMS 0x000000072f200000| PB 0x000000072f200000| Complete 
| 359|0x000000072f400000, 0x000000072f600000, 0x000000072f600000|100%|HS|  |TAMS 0x000000072f400000| PB 0x000000072f400000| Complete 
| 360|0x000000072f600000, 0x000000072f800000, 0x000000072f800000|100%|HS|  |TAMS 0x000000072f600000| PB 0x000000072f600000| Complete 
| 361|0x000000072f800000, 0x000000072fa00000, 0x000000072fa00000|100%|HS|  |TAMS 0x000000072f800000| PB 0x000000072f800000| Complete 
| 362|0x000000072fa00000, 0x000000072fc00000, 0x000000072fc00000|100%|HS|  |TAMS 0x000000072fa00000| PB 0x000000072fa00000| Complete 
| 363|0x000000072fc00000, 0x000000072fc00000, 0x000000072fe00000|  0%| F|  |TAMS 0x000000072fc00000| PB 0x000000072fc00000| Untracked 
| 364|0x000000072fe00000, 0x000000072fe00000, 0x0000000730000000|  0%| F|  |TAMS 0x000000072fe00000| PB 0x000000072fe00000| Untracked 
| 365|0x0000000730000000, 0x0000000730000000, 0x0000000730200000|  0%| F|  |TAMS 0x0000000730000000| PB 0x0000000730000000| Untracked 
| 366|0x0000000730200000, 0x0000000730200000, 0x0000000730400000|  0%| F|  |TAMS 0x0000000730200000| PB 0x0000000730200000| Untracked 
| 367|0x0000000730400000, 0x0000000730400000, 0x0000000730600000|  0%| F|  |TAMS 0x0000000730400000| PB 0x0000000730400000| Untracked 
| 368|0x0000000730600000, 0x0000000730800000, 0x0000000730800000|100%|HS|  |TAMS 0x0000000730600000| PB 0x0000000730600000| Complete 
| 369|0x0000000730800000, 0x0000000730a00000, 0x0000000730a00000|100%|HS|  |TAMS 0x0000000730800000| PB 0x0000000730800000| Complete 
| 370|0x0000000730a00000, 0x0000000730c00000, 0x0000000730c00000|100%|HS|  |TAMS 0x0000000730a00000| PB 0x0000000730a00000| Complete 
| 371|0x0000000730c00000, 0x0000000730e00000, 0x0000000730e00000|100%|HS|  |TAMS 0x0000000730c00000| PB 0x0000000730c00000| Complete 
| 372|0x0000000730e00000, 0x0000000731000000, 0x0000000731000000|100%|HS|  |TAMS 0x0000000730e00000| PB 0x0000000730e00000| Complete 
| 373|0x0000000731000000, 0x0000000731200000, 0x0000000731200000|100%|HS|  |TAMS 0x0000000731000000| PB 0x0000000731000000| Complete 
| 374|0x0000000731200000, 0x0000000731400000, 0x0000000731400000|100%|HS|  |TAMS 0x0000000731200000| PB 0x0000000731200000| Complete 
| 375|0x0000000731400000, 0x0000000731600000, 0x0000000731600000|100%|HS|  |TAMS 0x0000000731400000| PB 0x0000000731400000| Complete 
| 376|0x0000000731600000, 0x0000000731800000, 0x0000000731800000|100%|HS|  |TAMS 0x0000000731600000| PB 0x0000000731600000| Complete 
| 377|0x0000000731800000, 0x0000000731a00000, 0x0000000731a00000|100%|HS|  |TAMS 0x0000000731800000| PB 0x0000000731800000| Complete 
| 378|0x0000000731a00000, 0x0000000731c00000, 0x0000000731c00000|100%|HS|  |TAMS 0x0000000731a00000| PB 0x0000000731a00000| Complete 
| 379|0x0000000731c00000, 0x0000000731e00000, 0x0000000731e00000|100%|HS|  |TAMS 0x0000000731c00000| PB 0x0000000731c00000| Complete 
| 380|0x0000000731e00000, 0x0000000732000000, 0x0000000732000000|100%|HS|  |TAMS 0x0000000731e00000| PB 0x0000000731e00000| Complete 
| 381|0x0000000732000000, 0x0000000732200000, 0x0000000732200000|100%|HS|  |TAMS 0x0000000732000000| PB 0x0000000732000000| Complete 
| 382|0x0000000732200000, 0x0000000732400000, 0x0000000732400000|100%|HS|  |TAMS 0x0000000732200000| PB 0x0000000732200000| Complete 
| 383|0x0000000732400000, 0x0000000732600000, 0x0000000732600000|100%|HS|  |TAMS 0x0000000732400000| PB 0x0000000732400000| Complete 
| 384|0x0000000732600000, 0x0000000732800000, 0x0000000732800000|100%|HS|  |TAMS 0x0000000732600000| PB 0x0000000732600000| Complete 
| 385|0x0000000732800000, 0x0000000732a00000, 0x0000000732a00000|100%|HS|  |TAMS 0x0000000732800000| PB 0x0000000732800000| Complete 
| 386|0x0000000732a00000, 0x0000000732c00000, 0x0000000732c00000|100%|HS|  |TAMS 0x0000000732a00000| PB 0x0000000732a00000| Complete 
| 387|0x0000000732c00000, 0x0000000732e00000, 0x0000000732e00000|100%|HS|  |TAMS 0x0000000732c00000| PB 0x0000000732c00000| Complete 
| 388|0x0000000732e00000, 0x0000000733000000, 0x0000000733000000|100%|HS|  |TAMS 0x0000000732e00000| PB 0x0000000732e00000| Complete 
| 389|0x0000000733000000, 0x0000000733200000, 0x0000000733200000|100%|HS|  |TAMS 0x0000000733000000| PB 0x0000000733000000| Complete 
| 390|0x0000000733200000, 0x0000000733400000, 0x0000000733400000|100%|HS|  |TAMS 0x0000000733200000| PB 0x0000000733200000| Complete 
| 391|0x0000000733400000, 0x0000000733600000, 0x0000000733600000|100%|HS|  |TAMS 0x0000000733400000| PB 0x0000000733400000| Complete 
| 392|0x0000000733600000, 0x0000000733800000, 0x0000000733800000|100%|HS|  |TAMS 0x0000000733600000| PB 0x0000000733600000| Complete 
| 393|0x0000000733800000, 0x0000000733a00000, 0x0000000733a00000|100%|HS|  |TAMS 0x0000000733800000| PB 0x0000000733800000| Complete 
| 394|0x0000000733a00000, 0x0000000733c00000, 0x0000000733c00000|100%|HS|  |TAMS 0x0000000733a00000| PB 0x0000000733a00000| Complete 
| 395|0x0000000733c00000, 0x0000000733e00000, 0x0000000733e00000|100%|HS|  |TAMS 0x0000000733c00000| PB 0x0000000733c00000| Complete 
| 396|0x0000000733e00000, 0x0000000734000000, 0x0000000734000000|100%|HS|  |TAMS 0x0000000733e00000| PB 0x0000000733e00000| Complete 
| 397|0x0000000734000000, 0x0000000734200000, 0x0000000734200000|100%|HS|  |TAMS 0x0000000734000000| PB 0x0000000734000000| Complete 
| 398|0x0000000734200000, 0x0000000734400000, 0x0000000734400000|100%|HS|  |TAMS 0x0000000734200000| PB 0x0000000734200000| Complete 
| 399|0x0000000734400000, 0x0000000734600000, 0x0000000734600000|100%|HS|  |TAMS 0x0000000734400000| PB 0x0000000734400000| Complete 
| 400|0x0000000734600000, 0x0000000734800000, 0x0000000734800000|100%|HS|  |TAMS 0x0000000734600000| PB 0x0000000734600000| Complete 
| 401|0x0000000734800000, 0x0000000734a00000, 0x0000000734a00000|100%|HS|  |TAMS 0x0000000734800000| PB 0x0000000734800000| Complete 
| 402|0x0000000734a00000, 0x0000000734c00000, 0x0000000734c00000|100%|HS|  |TAMS 0x0000000734a00000| PB 0x0000000734a00000| Complete 
| 403|0x0000000734c00000, 0x0000000734e00000, 0x0000000734e00000|100%|HS|  |TAMS 0x0000000734c00000| PB 0x0000000734c00000| Complete 
| 404|0x0000000734e00000, 0x0000000735000000, 0x0000000735000000|100%|HS|  |TAMS 0x0000000734e00000| PB 0x0000000734e00000| Complete 
| 405|0x0000000735000000, 0x0000000735200000, 0x0000000735200000|100%|HS|  |TAMS 0x0000000735000000| PB 0x0000000735000000| Complete 
| 406|0x0000000735200000, 0x0000000735400000, 0x0000000735400000|100%|HS|  |TAMS 0x0000000735200000| PB 0x0000000735200000| Complete 
| 407|0x0000000735400000, 0x0000000735600000, 0x0000000735600000|100%|HS|  |TAMS 0x0000000735400000| PB 0x0000000735400000| Complete 
| 408|0x0000000735600000, 0x0000000735800000, 0x0000000735800000|100%|HS|  |TAMS 0x0000000735600000| PB 0x0000000735600000| Complete 
| 409|0x0000000735800000, 0x0000000735a00000, 0x0000000735a00000|100%|HS|  |TAMS 0x0000000735800000| PB 0x0000000735800000| Complete 
| 410|0x0000000735a00000, 0x0000000735c00000, 0x0000000735c00000|100%|HS|  |TAMS 0x0000000735a00000| PB 0x0000000735a00000| Complete 
| 411|0x0000000735c00000, 0x0000000735e00000, 0x0000000735e00000|100%|HS|  |TAMS 0x0000000735c00000| PB 0x0000000735c00000| Complete 
| 412|0x0000000735e00000, 0x0000000736000000, 0x0000000736000000|100%|HS|  |TAMS 0x0000000735e00000| PB 0x0000000735e00000| Complete 
| 413|0x0000000736000000, 0x0000000736200000, 0x0000000736200000|100%|HS|  |TAMS 0x0000000736000000| PB 0x0000000736000000| Complete 
| 414|0x0000000736200000, 0x0000000736400000, 0x0000000736400000|100%|HS|  |TAMS 0x0000000736200000| PB 0x0000000736200000| Complete 
| 415|0x0000000736400000, 0x0000000736600000, 0x0000000736600000|100%|HS|  |TAMS 0x0000000736400000| PB 0x0000000736400000| Complete 
| 416|0x0000000736600000, 0x0000000736800000, 0x0000000736800000|100%|HS|  |TAMS 0x0000000736600000| PB 0x0000000736600000| Complete 
| 417|0x0000000736800000, 0x0000000736a00000, 0x0000000736a00000|100%|HS|  |TAMS 0x0000000736800000| PB 0x0000000736800000| Complete 
| 418|0x0000000736a00000, 0x0000000736c00000, 0x0000000736c00000|100%|HS|  |TAMS 0x0000000736a00000| PB 0x0000000736a00000| Complete 
| 419|0x0000000736c00000, 0x0000000736e00000, 0x0000000736e00000|100%|HS|  |TAMS 0x0000000736c00000| PB 0x0000000736c00000| Complete 
| 420|0x0000000736e00000, 0x0000000737000000, 0x0000000737000000|100%|HS|  |TAMS 0x0000000736e00000| PB 0x0000000736e00000| Complete 
| 421|0x0000000737000000, 0x0000000737200000, 0x0000000737200000|100%|HS|  |TAMS 0x0000000737000000| PB 0x0000000737000000| Complete 
| 422|0x0000000737200000, 0x0000000737400000, 0x0000000737400000|100%|HS|  |TAMS 0x0000000737200000| PB 0x0000000737200000| Complete 
| 423|0x0000000737400000, 0x0000000737600000, 0x0000000737600000|100%|HS|  |TAMS 0x0000000737400000| PB 0x0000000737400000| Complete 
| 424|0x0000000737600000, 0x0000000737800000, 0x0000000737800000|100%|HS|  |TAMS 0x0000000737600000| PB 0x0000000737600000| Complete 
| 425|0x0000000737800000, 0x0000000737a00000, 0x0000000737a00000|100%|HS|  |TAMS 0x0000000737800000| PB 0x0000000737800000| Complete 
| 426|0x0000000737a00000, 0x0000000737c00000, 0x0000000737c00000|100%|HS|  |TAMS 0x0000000737a00000| PB 0x0000000737a00000| Complete 
| 427|0x0000000737c00000, 0x0000000737e00000, 0x0000000737e00000|100%|HS|  |TAMS 0x0000000737c00000| PB 0x0000000737c00000| Complete 
| 428|0x0000000737e00000, 0x0000000738000000, 0x0000000738000000|100%|HS|  |TAMS 0x0000000737e00000| PB 0x0000000737e00000| Complete 
| 429|0x0000000738000000, 0x0000000738200000, 0x0000000738200000|100%|HS|  |TAMS 0x0000000738000000| PB 0x0000000738000000| Complete 
| 430|0x0000000738200000, 0x0000000738400000, 0x0000000738400000|100%|HS|  |TAMS 0x0000000738200000| PB 0x0000000738200000| Complete 
| 431|0x0000000738400000, 0x0000000738600000, 0x0000000738600000|100%|HS|  |TAMS 0x0000000738400000| PB 0x0000000738400000| Complete 
| 432|0x0000000738600000, 0x0000000738800000, 0x0000000738800000|100%|HS|  |TAMS 0x0000000738600000| PB 0x0000000738600000| Complete 
| 433|0x0000000738800000, 0x0000000738a00000, 0x0000000738a00000|100%|HS|  |TAMS 0x0000000738800000| PB 0x0000000738800000| Complete 
| 434|0x0000000738a00000, 0x0000000738c00000, 0x0000000738c00000|100%|HS|  |TAMS 0x0000000738a00000| PB 0x0000000738a00000| Complete 
| 435|0x0000000738c00000, 0x0000000738e00000, 0x0000000738e00000|100%|HS|  |TAMS 0x0000000738c00000| PB 0x0000000738c00000| Complete 
| 436|0x0000000738e00000, 0x0000000739000000, 0x0000000739000000|100%|HS|  |TAMS 0x0000000738e00000| PB 0x0000000738e00000| Complete 
| 437|0x0000000739000000, 0x0000000739200000, 0x0000000739200000|100%|HS|  |TAMS 0x0000000739000000| PB 0x0000000739000000| Complete 
| 438|0x0000000739200000, 0x0000000739400000, 0x0000000739400000|100%|HS|  |TAMS 0x0000000739200000| PB 0x0000000739200000| Complete 
| 439|0x0000000739400000, 0x0000000739600000, 0x0000000739600000|100%|HS|  |TAMS 0x0000000739400000| PB 0x0000000739400000| Complete 
| 440|0x0000000739600000, 0x0000000739800000, 0x0000000739800000|100%|HS|  |TAMS 0x0000000739600000| PB 0x0000000739600000| Complete 
| 441|0x0000000739800000, 0x0000000739a00000, 0x0000000739a00000|100%|HS|  |TAMS 0x0000000739800000| PB 0x0000000739800000| Complete 
| 442|0x0000000739a00000, 0x0000000739c00000, 0x0000000739c00000|100%|HS|  |TAMS 0x0000000739a00000| PB 0x0000000739a00000| Complete 
| 443|0x0000000739c00000, 0x0000000739e00000, 0x0000000739e00000|100%|HS|  |TAMS 0x0000000739c00000| PB 0x0000000739c00000| Complete 
| 444|0x0000000739e00000, 0x000000073a000000, 0x000000073a000000|100%|HS|  |TAMS 0x0000000739e00000| PB 0x0000000739e00000| Complete 
| 445|0x000000073a000000, 0x000000073a200000, 0x000000073a200000|100%|HS|  |TAMS 0x000000073a000000| PB 0x000000073a000000| Complete 
| 446|0x000000073a200000, 0x000000073a400000, 0x000000073a400000|100%|HS|  |TAMS 0x000000073a200000| PB 0x000000073a200000| Complete 
| 447|0x000000073a400000, 0x000000073a600000, 0x000000073a600000|100%|HS|  |TAMS 0x000000073a400000| PB 0x000000073a400000| Complete 
| 448|0x000000073a600000, 0x000000073a800000, 0x000000073a800000|100%|HS|  |TAMS 0x000000073a600000| PB 0x000000073a600000| Complete 
| 449|0x000000073a800000, 0x000000073aa00000, 0x000000073aa00000|100%|HS|  |TAMS 0x000000073a800000| PB 0x000000073a800000| Complete 
| 450|0x000000073aa00000, 0x000000073ac00000, 0x000000073ac00000|100%|HS|  |TAMS 0x000000073aa00000| PB 0x000000073aa00000| Complete 
| 451|0x000000073ac00000, 0x000000073ae00000, 0x000000073ae00000|100%|HS|  |TAMS 0x000000073ac00000| PB 0x000000073ac00000| Complete 
| 452|0x000000073ae00000, 0x000000073b000000, 0x000000073b000000|100%|HS|  |TAMS 0x000000073ae00000| PB 0x000000073ae00000| Complete 
| 453|0x000000073b000000, 0x000000073b200000, 0x000000073b200000|100%|HS|  |TAMS 0x000000073b000000| PB 0x000000073b000000| Complete 
| 454|0x000000073b200000, 0x000000073b400000, 0x000000073b400000|100%|HS|  |TAMS 0x000000073b200000| PB 0x000000073b200000| Complete 
| 455|0x000000073b400000, 0x000000073b600000, 0x000000073b600000|100%|HS|  |TAMS 0x000000073b400000| PB 0x000000073b400000| Complete 
| 456|0x000000073b600000, 0x000000073b800000, 0x000000073b800000|100%|HS|  |TAMS 0x000000073b600000| PB 0x000000073b600000| Complete 
| 457|0x000000073b800000, 0x000000073ba00000, 0x000000073ba00000|100%|HS|  |TAMS 0x000000073b800000| PB 0x000000073b800000| Complete 
| 458|0x000000073ba00000, 0x000000073bc00000, 0x000000073bc00000|100%|HS|  |TAMS 0x000000073ba00000| PB 0x000000073ba00000| Complete 
| 459|0x000000073bc00000, 0x000000073be00000, 0x000000073be00000|100%|HS|  |TAMS 0x000000073bc00000| PB 0x000000073bc00000| Complete 
| 460|0x000000073be00000, 0x000000073c000000, 0x000000073c000000|100%|HS|  |TAMS 0x000000073be00000| PB 0x000000073be00000| Complete 
| 461|0x000000073c000000, 0x000000073c200000, 0x000000073c200000|100%|HS|  |TAMS 0x000000073c000000| PB 0x000000073c000000| Complete 
| 462|0x000000073c200000, 0x000000073c400000, 0x000000073c400000|100%|HS|  |TAMS 0x000000073c200000| PB 0x000000073c200000| Complete 
| 463|0x000000073c400000, 0x000000073c600000, 0x000000073c600000|100%|HS|  |TAMS 0x000000073c400000| PB 0x000000073c400000| Complete 
| 464|0x000000073c600000, 0x000000073c800000, 0x000000073c800000|100%|HS|  |TAMS 0x000000073c600000| PB 0x000000073c600000| Complete 
| 465|0x000000073c800000, 0x000000073ca00000, 0x000000073ca00000|100%|HS|  |TAMS 0x000000073c800000| PB 0x000000073c800000| Complete 
| 466|0x000000073ca00000, 0x000000073cc00000, 0x000000073cc00000|100%|HS|  |TAMS 0x000000073ca00000| PB 0x000000073ca00000| Complete 
| 467|0x000000073cc00000, 0x000000073ce00000, 0x000000073ce00000|100%|HS|  |TAMS 0x000000073cc00000| PB 0x000000073cc00000| Complete 
| 468|0x000000073ce00000, 0x000000073d000000, 0x000000073d000000|100%|HS|  |TAMS 0x000000073ce00000| PB 0x000000073ce00000| Complete 
| 469|0x000000073d000000, 0x000000073d200000, 0x000000073d200000|100%|HS|  |TAMS 0x000000073d000000| PB 0x000000073d000000| Complete 
| 470|0x000000073d200000, 0x000000073d400000, 0x000000073d400000|100%|HS|  |TAMS 0x000000073d200000| PB 0x000000073d200000| Complete 
| 471|0x000000073d400000, 0x000000073d600000, 0x000000073d600000|100%|HS|  |TAMS 0x000000073d400000| PB 0x000000073d400000| Complete 
| 472|0x000000073d600000, 0x000000073d800000, 0x000000073d800000|100%|HS|  |TAMS 0x000000073d600000| PB 0x000000073d600000| Complete 
| 473|0x000000073d800000, 0x000000073d9b9fa0, 0x000000073da00000| 86%| O|  |TAMS 0x000000073d800000| PB 0x000000073d800000| Untracked 
| 474|0x000000073da00000, 0x000000073da00000, 0x000000073dc00000|  0%| F|  |TAMS 0x000000073da00000| PB 0x000000073da00000| Untracked 
| 475|0x000000073dc00000, 0x000000073dc00000, 0x000000073de00000|  0%| F|  |TAMS 0x000000073dc00000| PB 0x000000073dc00000| Untracked 
| 476|0x000000073de00000, 0x000000073de00000, 0x000000073e000000|  0%| F|  |TAMS 0x000000073de00000| PB 0x000000073de00000| Untracked 
| 477|0x000000073e000000, 0x000000073e000000, 0x000000073e200000|  0%| F|  |TAMS 0x000000073e000000| PB 0x000000073e000000| Untracked 
| 478|0x000000073e200000, 0x000000073e200000, 0x000000073e400000|  0%| F|  |TAMS 0x000000073e200000| PB 0x000000073e200000| Untracked 
| 479|0x000000073e400000, 0x000000073e400000, 0x000000073e600000|  0%| F|  |TAMS 0x000000073e400000| PB 0x000000073e400000| Untracked 
| 480|0x000000073e600000, 0x000000073e600000, 0x000000073e800000|  0%| F|  |TAMS 0x000000073e600000| PB 0x000000073e600000| Untracked 
| 481|0x000000073e800000, 0x000000073e800000, 0x000000073ea00000|  0%| F|  |TAMS 0x000000073e800000| PB 0x000000073e800000| Untracked 
| 482|0x000000073ea00000, 0x000000073ea00000, 0x000000073ec00000|  0%| F|  |TAMS 0x000000073ea00000| PB 0x000000073ea00000| Untracked 
| 483|0x000000073ec00000, 0x000000073ec00000, 0x000000073ee00000|  0%| F|  |TAMS 0x000000073ec00000| PB 0x000000073ec00000| Untracked 
| 484|0x000000073ee00000, 0x000000073ee00000, 0x000000073f000000|  0%| F|  |TAMS 0x000000073ee00000| PB 0x000000073ee00000| Untracked 
| 485|0x000000073f000000, 0x000000073f000000, 0x000000073f200000|  0%| F|  |TAMS 0x000000073f000000| PB 0x000000073f000000| Untracked 
| 486|0x000000073f200000, 0x000000073f200000, 0x000000073f400000|  0%| F|  |TAMS 0x000000073f200000| PB 0x000000073f200000| Untracked 
| 487|0x000000073f400000, 0x000000073f400000, 0x000000073f600000|  0%| F|  |TAMS 0x000000073f400000| PB 0x000000073f400000| Untracked 
| 488|0x000000073f600000, 0x000000073f600000, 0x000000073f800000|  0%| F|  |TAMS 0x000000073f600000| PB 0x000000073f600000| Untracked 
| 489|0x000000073f800000, 0x000000073f800000, 0x000000073fa00000|  0%| F|  |TAMS 0x000000073f800000| PB 0x000000073f800000| Untracked 
| 490|0x000000073fa00000, 0x000000073fa00000, 0x000000073fc00000|  0%| F|  |TAMS 0x000000073fa00000| PB 0x000000073fa00000| Untracked 
| 491|0x000000073fc00000, 0x000000073fc00000, 0x000000073fe00000|  0%| F|  |TAMS 0x000000073fc00000| PB 0x000000073fc00000| Untracked 
| 492|0x000000073fe00000, 0x000000073fe00000, 0x0000000740000000|  0%| F|  |TAMS 0x000000073fe00000| PB 0x000000073fe00000| Untracked 
| 493|0x0000000740000000, 0x0000000740000000, 0x0000000740200000|  0%| F|  |TAMS 0x0000000740000000| PB 0x0000000740000000| Untracked 
| 494|0x0000000740200000, 0x0000000740200000, 0x0000000740400000|  0%| F|  |TAMS 0x0000000740200000| PB 0x0000000740200000| Untracked 
| 495|0x0000000740400000, 0x0000000740400000, 0x0000000740600000|  0%| F|  |TAMS 0x0000000740400000| PB 0x0000000740400000| Untracked 
| 496|0x0000000740600000, 0x0000000740600000, 0x0000000740800000|  0%| F|  |TAMS 0x0000000740600000| PB 0x0000000740600000| Untracked 
| 497|0x0000000740800000, 0x0000000740800000, 0x0000000740a00000|  0%| F|  |TAMS 0x0000000740800000| PB 0x0000000740800000| Untracked 
| 498|0x0000000740a00000, 0x0000000740a00000, 0x0000000740c00000|  0%| F|  |TAMS 0x0000000740a00000| PB 0x0000000740a00000| Untracked 
| 499|0x0000000740c00000, 0x0000000740c00000, 0x0000000740e00000|  0%| F|  |TAMS 0x0000000740c00000| PB 0x0000000740c00000| Untracked 
| 500|0x0000000740e00000, 0x0000000740e00000, 0x0000000741000000|  0%| F|  |TAMS 0x0000000740e00000| PB 0x0000000740e00000| Untracked 
| 501|0x0000000741000000, 0x0000000741000000, 0x0000000741200000|  0%| F|  |TAMS 0x0000000741000000| PB 0x0000000741000000| Untracked 
| 502|0x0000000741200000, 0x0000000741200000, 0x0000000741400000|  0%| F|  |TAMS 0x0000000741200000| PB 0x0000000741200000| Untracked 
| 503|0x0000000741400000, 0x0000000741400000, 0x0000000741600000|  0%| F|  |TAMS 0x0000000741400000| PB 0x0000000741400000| Untracked 
| 504|0x0000000741600000, 0x0000000741600000, 0x0000000741800000|  0%| F|  |TAMS 0x0000000741600000| PB 0x0000000741600000| Untracked 
| 505|0x0000000741800000, 0x0000000741800000, 0x0000000741a00000|  0%| F|  |TAMS 0x0000000741800000| PB 0x0000000741800000| Untracked 
| 506|0x0000000741a00000, 0x0000000741a00000, 0x0000000741c00000|  0%| F|  |TAMS 0x0000000741a00000| PB 0x0000000741a00000| Untracked 
| 507|0x0000000741c00000, 0x0000000741c00000, 0x0000000741e00000|  0%| F|  |TAMS 0x0000000741c00000| PB 0x0000000741c00000| Untracked 
| 508|0x0000000741e00000, 0x0000000741e00000, 0x0000000742000000|  0%| F|  |TAMS 0x0000000741e00000| PB 0x0000000741e00000| Untracked 
| 509|0x0000000742000000, 0x0000000742000000, 0x0000000742200000|  0%| F|  |TAMS 0x0000000742000000| PB 0x0000000742000000| Untracked 
| 510|0x0000000742200000, 0x0000000742200000, 0x0000000742400000|  0%| F|  |TAMS 0x0000000742200000| PB 0x0000000742200000| Untracked 
| 511|0x0000000742400000, 0x0000000742400000, 0x0000000742600000|  0%| F|  |TAMS 0x0000000742400000| PB 0x0000000742400000| Untracked 
| 512|0x0000000742600000, 0x0000000742600000, 0x0000000742800000|  0%| F|  |TAMS 0x0000000742600000| PB 0x0000000742600000| Untracked 
| 513|0x0000000742800000, 0x0000000742800000, 0x0000000742a00000|  0%| F|  |TAMS 0x0000000742800000| PB 0x0000000742800000| Untracked 
| 514|0x0000000742a00000, 0x0000000742a00000, 0x0000000742c00000|  0%| F|  |TAMS 0x0000000742a00000| PB 0x0000000742a00000| Untracked 
| 515|0x0000000742c00000, 0x0000000742c00000, 0x0000000742e00000|  0%| F|  |TAMS 0x0000000742c00000| PB 0x0000000742c00000| Untracked 
| 516|0x0000000742e00000, 0x0000000742e00000, 0x0000000743000000|  0%| F|  |TAMS 0x0000000742e00000| PB 0x0000000742e00000| Untracked 
| 517|0x0000000743000000, 0x0000000743000000, 0x0000000743200000|  0%| F|  |TAMS 0x0000000743000000| PB 0x0000000743000000| Untracked 
| 518|0x0000000743200000, 0x0000000743200000, 0x0000000743400000|  0%| F|  |TAMS 0x0000000743200000| PB 0x0000000743200000| Untracked 
| 519|0x0000000743400000, 0x0000000743400000, 0x0000000743600000|  0%| F|  |TAMS 0x0000000743400000| PB 0x0000000743400000| Untracked 
| 520|0x0000000743600000, 0x0000000743600000, 0x0000000743800000|  0%| F|  |TAMS 0x0000000743600000| PB 0x0000000743600000| Untracked 
| 521|0x0000000743800000, 0x0000000743800000, 0x0000000743a00000|  0%| F|  |TAMS 0x0000000743800000| PB 0x0000000743800000| Untracked 
| 522|0x0000000743a00000, 0x0000000743a00000, 0x0000000743c00000|  0%| F|  |TAMS 0x0000000743a00000| PB 0x0000000743a00000| Untracked 
| 523|0x0000000743c00000, 0x0000000743c00000, 0x0000000743e00000|  0%| F|  |TAMS 0x0000000743c00000| PB 0x0000000743c00000| Untracked 
| 524|0x0000000743e00000, 0x0000000743e00000, 0x0000000744000000|  0%| F|  |TAMS 0x0000000743e00000| PB 0x0000000743e00000| Untracked 
| 525|0x0000000744000000, 0x0000000744000000, 0x0000000744200000|  0%| F|  |TAMS 0x0000000744000000| PB 0x0000000744000000| Untracked 
| 526|0x0000000744200000, 0x0000000744200000, 0x0000000744400000|  0%| F|  |TAMS 0x0000000744200000| PB 0x0000000744200000| Untracked 
| 527|0x0000000744400000, 0x0000000744400000, 0x0000000744600000|  0%| F|  |TAMS 0x0000000744400000| PB 0x0000000744400000| Untracked 
| 528|0x0000000744600000, 0x0000000744600000, 0x0000000744800000|  0%| F|  |TAMS 0x0000000744600000| PB 0x0000000744600000| Untracked 
| 529|0x0000000744800000, 0x0000000744800000, 0x0000000744a00000|  0%| F|  |TAMS 0x0000000744800000| PB 0x0000000744800000| Untracked 
| 530|0x0000000744a00000, 0x0000000744a00000, 0x0000000744c00000|  0%| F|  |TAMS 0x0000000744a00000| PB 0x0000000744a00000| Untracked 
| 531|0x0000000744c00000, 0x0000000744c00000, 0x0000000744e00000|  0%| F|  |TAMS 0x0000000744c00000| PB 0x0000000744c00000| Untracked 
| 532|0x0000000744e00000, 0x0000000744e00000, 0x0000000745000000|  0%| F|  |TAMS 0x0000000744e00000| PB 0x0000000744e00000| Untracked 
| 533|0x0000000745000000, 0x0000000745000000, 0x0000000745200000|  0%| F|  |TAMS 0x0000000745000000| PB 0x0000000745000000| Untracked 
| 534|0x0000000745200000, 0x0000000745200000, 0x0000000745400000|  0%| F|  |TAMS 0x0000000745200000| PB 0x0000000745200000| Untracked 
| 535|0x0000000745400000, 0x0000000745400000, 0x0000000745600000|  0%| F|  |TAMS 0x0000000745400000| PB 0x0000000745400000| Untracked 
| 536|0x0000000745600000, 0x0000000745600000, 0x0000000745800000|  0%| F|  |TAMS 0x0000000745600000| PB 0x0000000745600000| Untracked 
| 537|0x0000000745800000, 0x0000000745800000, 0x0000000745a00000|  0%| F|  |TAMS 0x0000000745800000| PB 0x0000000745800000| Untracked 
| 538|0x0000000745a00000, 0x0000000745a00000, 0x0000000745c00000|  0%| F|  |TAMS 0x0000000745a00000| PB 0x0000000745a00000| Untracked 
| 539|0x0000000745c00000, 0x0000000745c00000, 0x0000000745e00000|  0%| F|  |TAMS 0x0000000745c00000| PB 0x0000000745c00000| Untracked 
| 540|0x0000000745e00000, 0x0000000745e00000, 0x0000000746000000|  0%| F|  |TAMS 0x0000000745e00000| PB 0x0000000745e00000| Untracked 
| 541|0x0000000746000000, 0x0000000746000000, 0x0000000746200000|  0%| F|  |TAMS 0x0000000746000000| PB 0x0000000746000000| Untracked 
| 542|0x0000000746200000, 0x0000000746200000, 0x0000000746400000|  0%| F|  |TAMS 0x0000000746200000| PB 0x0000000746200000| Untracked 
| 543|0x0000000746400000, 0x0000000746400000, 0x0000000746600000|  0%| F|  |TAMS 0x0000000746400000| PB 0x0000000746400000| Untracked 
| 544|0x0000000746600000, 0x0000000746600000, 0x0000000746800000|  0%| F|  |TAMS 0x0000000746600000| PB 0x0000000746600000| Untracked 
| 545|0x0000000746800000, 0x0000000746800000, 0x0000000746a00000|  0%| F|  |TAMS 0x0000000746800000| PB 0x0000000746800000| Untracked 
| 546|0x0000000746a00000, 0x0000000746a00000, 0x0000000746c00000|  0%| F|  |TAMS 0x0000000746a00000| PB 0x0000000746a00000| Untracked 
| 547|0x0000000746c00000, 0x0000000746c00000, 0x0000000746e00000|  0%| F|  |TAMS 0x0000000746c00000| PB 0x0000000746c00000| Untracked 
| 548|0x0000000746e00000, 0x0000000746e00000, 0x0000000747000000|  0%| F|  |TAMS 0x0000000746e00000| PB 0x0000000746e00000| Untracked 
| 549|0x0000000747000000, 0x0000000747000000, 0x0000000747200000|  0%| F|  |TAMS 0x0000000747000000| PB 0x0000000747000000| Untracked 
| 550|0x0000000747200000, 0x0000000747200000, 0x0000000747400000|  0%| F|  |TAMS 0x0000000747200000| PB 0x0000000747200000| Untracked 
| 551|0x0000000747400000, 0x0000000747400000, 0x0000000747600000|  0%| F|  |TAMS 0x0000000747400000| PB 0x0000000747400000| Untracked 
| 552|0x0000000747600000, 0x0000000747600000, 0x0000000747800000|  0%| F|  |TAMS 0x0000000747600000| PB 0x0000000747600000| Untracked 
| 553|0x0000000747800000, 0x0000000747800000, 0x0000000747a00000|  0%| F|  |TAMS 0x0000000747800000| PB 0x0000000747800000| Untracked 
| 554|0x0000000747a00000, 0x0000000747a00000, 0x0000000747c00000|  0%| F|  |TAMS 0x0000000747a00000| PB 0x0000000747a00000| Untracked 
| 555|0x0000000747c00000, 0x0000000747c00000, 0x0000000747e00000|  0%| F|  |TAMS 0x0000000747c00000| PB 0x0000000747c00000| Untracked 
| 556|0x0000000747e00000, 0x0000000747e00000, 0x0000000748000000|  0%| F|  |TAMS 0x0000000747e00000| PB 0x0000000747e00000| Untracked 
| 557|0x0000000748000000, 0x0000000748000000, 0x0000000748200000|  0%| F|  |TAMS 0x0000000748000000| PB 0x0000000748000000| Untracked 
| 558|0x0000000748200000, 0x0000000748200000, 0x0000000748400000|  0%| F|  |TAMS 0x0000000748200000| PB 0x0000000748200000| Untracked 
| 559|0x0000000748400000, 0x0000000748400000, 0x0000000748600000|  0%| F|  |TAMS 0x0000000748400000| PB 0x0000000748400000| Untracked 
| 560|0x0000000748600000, 0x0000000748600000, 0x0000000748800000|  0%| F|  |TAMS 0x0000000748600000| PB 0x0000000748600000| Untracked 
| 561|0x0000000748800000, 0x0000000748800000, 0x0000000748a00000|  0%| F|  |TAMS 0x0000000748800000| PB 0x0000000748800000| Untracked 
| 562|0x0000000748a00000, 0x0000000748a00000, 0x0000000748c00000|  0%| F|  |TAMS 0x0000000748a00000| PB 0x0000000748a00000| Untracked 
| 563|0x0000000748c00000, 0x0000000748c00000, 0x0000000748e00000|  0%| F|  |TAMS 0x0000000748c00000| PB 0x0000000748c00000| Untracked 
| 564|0x0000000748e00000, 0x0000000748e00000, 0x0000000749000000|  0%| F|  |TAMS 0x0000000748e00000| PB 0x0000000748e00000| Untracked 
| 565|0x0000000749000000, 0x0000000749000000, 0x0000000749200000|  0%| F|  |TAMS 0x0000000749000000| PB 0x0000000749000000| Untracked 
| 566|0x0000000749200000, 0x0000000749200000, 0x0000000749400000|  0%| F|  |TAMS 0x0000000749200000| PB 0x0000000749200000| Untracked 
| 567|0x0000000749400000, 0x0000000749400000, 0x0000000749600000|  0%| F|  |TAMS 0x0000000749400000| PB 0x0000000749400000| Untracked 
| 568|0x0000000749600000, 0x0000000749600000, 0x0000000749800000|  0%| F|  |TAMS 0x0000000749600000| PB 0x0000000749600000| Untracked 
| 569|0x0000000749800000, 0x0000000749800000, 0x0000000749a00000|  0%| F|  |TAMS 0x0000000749800000| PB 0x0000000749800000| Untracked 
| 570|0x0000000749a00000, 0x0000000749a00000, 0x0000000749c00000|  0%| F|  |TAMS 0x0000000749a00000| PB 0x0000000749a00000| Untracked 
| 571|0x0000000749c00000, 0x0000000749c00000, 0x0000000749e00000|  0%| F|  |TAMS 0x0000000749c00000| PB 0x0000000749c00000| Untracked 
| 572|0x0000000749e00000, 0x0000000749e00000, 0x000000074a000000|  0%| F|  |TAMS 0x0000000749e00000| PB 0x0000000749e00000| Untracked 
| 573|0x000000074a000000, 0x000000074a000000, 0x000000074a200000|  0%| F|  |TAMS 0x000000074a000000| PB 0x000000074a000000| Untracked 
| 574|0x000000074a200000, 0x000000074a200000, 0x000000074a400000|  0%| F|  |TAMS 0x000000074a200000| PB 0x000000074a200000| Untracked 
| 575|0x000000074a400000, 0x000000074a400000, 0x000000074a600000|  0%| F|  |TAMS 0x000000074a400000| PB 0x000000074a400000| Untracked 
| 576|0x000000074a600000, 0x000000074a600000, 0x000000074a800000|  0%| F|  |TAMS 0x000000074a600000| PB 0x000000074a600000| Untracked 
| 577|0x000000074a800000, 0x000000074a800000, 0x000000074aa00000|  0%| F|  |TAMS 0x000000074a800000| PB 0x000000074a800000| Untracked 
| 578|0x000000074aa00000, 0x000000074aa00000, 0x000000074ac00000|  0%| F|  |TAMS 0x000000074aa00000| PB 0x000000074aa00000| Untracked 
| 579|0x000000074ac00000, 0x000000074ac00000, 0x000000074ae00000|  0%| F|  |TAMS 0x000000074ac00000| PB 0x000000074ac00000| Untracked 
| 580|0x000000074ae00000, 0x000000074ae00000, 0x000000074b000000|  0%| F|  |TAMS 0x000000074ae00000| PB 0x000000074ae00000| Untracked 
| 581|0x000000074b000000, 0x000000074b000000, 0x000000074b200000|  0%| F|  |TAMS 0x000000074b000000| PB 0x000000074b000000| Untracked 
| 582|0x000000074b200000, 0x000000074b200000, 0x000000074b400000|  0%| F|  |TAMS 0x000000074b200000| PB 0x000000074b200000| Untracked 
| 583|0x000000074b400000, 0x000000074b400000, 0x000000074b600000|  0%| F|  |TAMS 0x000000074b400000| PB 0x000000074b400000| Untracked 
| 584|0x000000074b600000, 0x000000074b600000, 0x000000074b800000|  0%| F|  |TAMS 0x000000074b600000| PB 0x000000074b600000| Untracked 
| 585|0x000000074b800000, 0x000000074b800000, 0x000000074ba00000|  0%| F|  |TAMS 0x000000074b800000| PB 0x000000074b800000| Untracked 
| 586|0x000000074ba00000, 0x000000074ba00000, 0x000000074bc00000|  0%| F|  |TAMS 0x000000074ba00000| PB 0x000000074ba00000| Untracked 
| 587|0x000000074bc00000, 0x000000074bc00000, 0x000000074be00000|  0%| F|  |TAMS 0x000000074bc00000| PB 0x000000074bc00000| Untracked 
| 588|0x000000074be00000, 0x000000074be00000, 0x000000074c000000|  0%| F|  |TAMS 0x000000074be00000| PB 0x000000074be00000| Untracked 
| 589|0x000000074c000000, 0x000000074c000000, 0x000000074c200000|  0%| F|  |TAMS 0x000000074c000000| PB 0x000000074c000000| Untracked 
| 590|0x000000074c200000, 0x000000074c200000, 0x000000074c400000|  0%| F|  |TAMS 0x000000074c200000| PB 0x000000074c200000| Untracked 
| 591|0x000000074c400000, 0x000000074c400000, 0x000000074c600000|  0%| F|  |TAMS 0x000000074c400000| PB 0x000000074c400000| Untracked 
| 592|0x000000074c600000, 0x000000074c600000, 0x000000074c800000|  0%| F|  |TAMS 0x000000074c600000| PB 0x000000074c600000| Untracked 
| 593|0x000000074c800000, 0x000000074c800000, 0x000000074ca00000|  0%| F|  |TAMS 0x000000074c800000| PB 0x000000074c800000| Untracked 
| 594|0x000000074ca00000, 0x000000074ca00000, 0x000000074cc00000|  0%| F|  |TAMS 0x000000074ca00000| PB 0x000000074ca00000| Untracked 
| 595|0x000000074cc00000, 0x000000074cc00000, 0x000000074ce00000|  0%| F|  |TAMS 0x000000074cc00000| PB 0x000000074cc00000| Untracked 
| 596|0x000000074ce00000, 0x000000074ce00000, 0x000000074d000000|  0%| F|  |TAMS 0x000000074ce00000| PB 0x000000074ce00000| Untracked 
| 597|0x000000074d000000, 0x000000074d000000, 0x000000074d200000|  0%| F|  |TAMS 0x000000074d000000| PB 0x000000074d000000| Untracked 
| 598|0x000000074d200000, 0x000000074d200000, 0x000000074d400000|  0%| F|  |TAMS 0x000000074d200000| PB 0x000000074d200000| Untracked 
| 599|0x000000074d400000, 0x000000074d400000, 0x000000074d600000|  0%| F|  |TAMS 0x000000074d400000| PB 0x000000074d400000| Untracked 
| 600|0x000000074d600000, 0x000000074d600000, 0x000000074d800000|  0%| F|  |TAMS 0x000000074d600000| PB 0x000000074d600000| Untracked 
| 601|0x000000074d800000, 0x000000074d800000, 0x000000074da00000|  0%| F|  |TAMS 0x000000074d800000| PB 0x000000074d800000| Untracked 
| 602|0x000000074da00000, 0x000000074da00000, 0x000000074dc00000|  0%| F|  |TAMS 0x000000074da00000| PB 0x000000074da00000| Untracked 
| 603|0x000000074dc00000, 0x000000074dc00000, 0x000000074de00000|  0%| F|  |TAMS 0x000000074dc00000| PB 0x000000074dc00000| Untracked 
| 604|0x000000074de00000, 0x000000074de00000, 0x000000074e000000|  0%| F|  |TAMS 0x000000074de00000| PB 0x000000074de00000| Untracked 
| 605|0x000000074e000000, 0x000000074e000000, 0x000000074e200000|  0%| F|  |TAMS 0x000000074e000000| PB 0x000000074e000000| Untracked 
| 606|0x000000074e200000, 0x000000074e200000, 0x000000074e400000|  0%| F|  |TAMS 0x000000074e200000| PB 0x000000074e200000| Untracked 
| 607|0x000000074e400000, 0x000000074e400000, 0x000000074e600000|  0%| F|  |TAMS 0x000000074e400000| PB 0x000000074e400000| Untracked 
| 608|0x000000074e600000, 0x000000074e600000, 0x000000074e800000|  0%| F|  |TAMS 0x000000074e600000| PB 0x000000074e600000| Untracked 
| 609|0x000000074e800000, 0x000000074e800000, 0x000000074ea00000|  0%| F|  |TAMS 0x000000074e800000| PB 0x000000074e800000| Untracked 
| 610|0x000000074ea00000, 0x000000074ea00000, 0x000000074ec00000|  0%| F|  |TAMS 0x000000074ea00000| PB 0x000000074ea00000| Untracked 
| 611|0x000000074ec00000, 0x000000074ec00000, 0x000000074ee00000|  0%| F|  |TAMS 0x000000074ec00000| PB 0x000000074ec00000| Untracked 
| 612|0x000000074ee00000, 0x000000074ee00000, 0x000000074f000000|  0%| F|  |TAMS 0x000000074ee00000| PB 0x000000074ee00000| Untracked 
| 613|0x000000074f000000, 0x000000074f000000, 0x000000074f200000|  0%| F|  |TAMS 0x000000074f000000| PB 0x000000074f000000| Untracked 
| 614|0x000000074f200000, 0x000000074f200000, 0x000000074f400000|  0%| F|  |TAMS 0x000000074f200000| PB 0x000000074f200000| Untracked 
| 615|0x000000074f400000, 0x000000074f400000, 0x000000074f600000|  0%| F|  |TAMS 0x000000074f400000| PB 0x000000074f400000| Untracked 
| 616|0x000000074f600000, 0x000000074f600000, 0x000000074f800000|  0%| F|  |TAMS 0x000000074f600000| PB 0x000000074f600000| Untracked 
| 617|0x000000074f800000, 0x000000074f800000, 0x000000074fa00000|  0%| F|  |TAMS 0x000000074f800000| PB 0x000000074f800000| Untracked 
| 618|0x000000074fa00000, 0x000000074fa00000, 0x000000074fc00000|  0%| F|  |TAMS 0x000000074fa00000| PB 0x000000074fa00000| Untracked 
| 619|0x000000074fc00000, 0x000000074fc00000, 0x000000074fe00000|  0%| F|  |TAMS 0x000000074fc00000| PB 0x000000074fc00000| Untracked 
| 620|0x000000074fe00000, 0x000000074fe00000, 0x0000000750000000|  0%| F|  |TAMS 0x000000074fe00000| PB 0x000000074fe00000| Untracked 
| 621|0x0000000750000000, 0x0000000750000000, 0x0000000750200000|  0%| F|  |TAMS 0x0000000750000000| PB 0x0000000750000000| Untracked 
| 622|0x0000000750200000, 0x0000000750200000, 0x0000000750400000|  0%| F|  |TAMS 0x0000000750200000| PB 0x0000000750200000| Untracked 
| 623|0x0000000750400000, 0x0000000750400000, 0x0000000750600000|  0%| F|  |TAMS 0x0000000750400000| PB 0x0000000750400000| Untracked 
| 624|0x0000000750600000, 0x0000000750600000, 0x0000000750800000|  0%| F|  |TAMS 0x0000000750600000| PB 0x0000000750600000| Untracked 
| 625|0x0000000750800000, 0x0000000750800000, 0x0000000750a00000|  0%| F|  |TAMS 0x0000000750800000| PB 0x0000000750800000| Untracked 
| 626|0x0000000750a00000, 0x0000000750a00000, 0x0000000750c00000|  0%| F|  |TAMS 0x0000000750a00000| PB 0x0000000750a00000| Untracked 
| 627|0x0000000750c00000, 0x0000000750c00000, 0x0000000750e00000|  0%| F|  |TAMS 0x0000000750c00000| PB 0x0000000750c00000| Untracked 
| 628|0x0000000750e00000, 0x0000000750e00000, 0x0000000751000000|  0%| F|  |TAMS 0x0000000750e00000| PB 0x0000000750e00000| Untracked 
| 629|0x0000000751000000, 0x0000000751000000, 0x0000000751200000|  0%| F|  |TAMS 0x0000000751000000| PB 0x0000000751000000| Untracked 
| 630|0x0000000751200000, 0x0000000751200000, 0x0000000751400000|  0%| F|  |TAMS 0x0000000751200000| PB 0x0000000751200000| Untracked 
| 631|0x0000000751400000, 0x0000000751400000, 0x0000000751600000|  0%| F|  |TAMS 0x0000000751400000| PB 0x0000000751400000| Untracked 
| 632|0x0000000751600000, 0x0000000751600000, 0x0000000751800000|  0%| F|  |TAMS 0x0000000751600000| PB 0x0000000751600000| Untracked 
| 633|0x0000000751800000, 0x0000000751800000, 0x0000000751a00000|  0%| F|  |TAMS 0x0000000751800000| PB 0x0000000751800000| Untracked 
| 634|0x0000000751a00000, 0x0000000751a00000, 0x0000000751c00000|  0%| F|  |TAMS 0x0000000751a00000| PB 0x0000000751a00000| Untracked 
| 635|0x0000000751c00000, 0x0000000751c00000, 0x0000000751e00000|  0%| F|  |TAMS 0x0000000751c00000| PB 0x0000000751c00000| Untracked 
| 636|0x0000000751e00000, 0x0000000751e00000, 0x0000000752000000|  0%| F|  |TAMS 0x0000000751e00000| PB 0x0000000751e00000| Untracked 
| 637|0x0000000752000000, 0x0000000752000000, 0x0000000752200000|  0%| F|  |TAMS 0x0000000752000000| PB 0x0000000752000000| Untracked 
| 638|0x0000000752200000, 0x0000000752200000, 0x0000000752400000|  0%| F|  |TAMS 0x0000000752200000| PB 0x0000000752200000| Untracked 
| 639|0x0000000752400000, 0x0000000752400000, 0x0000000752600000|  0%| F|  |TAMS 0x0000000752400000| PB 0x0000000752400000| Untracked 
| 640|0x0000000752600000, 0x0000000752600000, 0x0000000752800000|  0%| F|  |TAMS 0x0000000752600000| PB 0x0000000752600000| Untracked 
| 641|0x0000000752800000, 0x0000000752800000, 0x0000000752a00000|  0%| F|  |TAMS 0x0000000752800000| PB 0x0000000752800000| Untracked 
| 642|0x0000000752a00000, 0x0000000752a00000, 0x0000000752c00000|  0%| F|  |TAMS 0x0000000752a00000| PB 0x0000000752a00000| Untracked 
| 643|0x0000000752c00000, 0x0000000752c00000, 0x0000000752e00000|  0%| F|  |TAMS 0x0000000752c00000| PB 0x0000000752c00000| Untracked 
| 644|0x0000000752e00000, 0x0000000752e00000, 0x0000000753000000|  0%| F|  |TAMS 0x0000000752e00000| PB 0x0000000752e00000| Untracked 
| 645|0x0000000753000000, 0x0000000753000000, 0x0000000753200000|  0%| F|  |TAMS 0x0000000753000000| PB 0x0000000753000000| Untracked 
| 646|0x0000000753200000, 0x0000000753200000, 0x0000000753400000|  0%| F|  |TAMS 0x0000000753200000| PB 0x0000000753200000| Untracked 
| 647|0x0000000753400000, 0x0000000753400000, 0x0000000753600000|  0%| F|  |TAMS 0x0000000753400000| PB 0x0000000753400000| Untracked 
| 648|0x0000000753600000, 0x0000000753600000, 0x0000000753800000|  0%| F|  |TAMS 0x0000000753600000| PB 0x0000000753600000| Untracked 
| 649|0x0000000753800000, 0x0000000753800000, 0x0000000753a00000|  0%| F|  |TAMS 0x0000000753800000| PB 0x0000000753800000| Untracked 
| 650|0x0000000753a00000, 0x0000000753a00000, 0x0000000753c00000|  0%| F|  |TAMS 0x0000000753a00000| PB 0x0000000753a00000| Untracked 
| 651|0x0000000753c00000, 0x0000000753c00000, 0x0000000753e00000|  0%| F|  |TAMS 0x0000000753c00000| PB 0x0000000753c00000| Untracked 
| 652|0x0000000753e00000, 0x0000000753e00000, 0x0000000754000000|  0%| F|  |TAMS 0x0000000753e00000| PB 0x0000000753e00000| Untracked 
| 653|0x0000000754000000, 0x0000000754000000, 0x0000000754200000|  0%| F|  |TAMS 0x0000000754000000| PB 0x0000000754000000| Untracked 
| 654|0x0000000754200000, 0x0000000754200000, 0x0000000754400000|  0%| F|  |TAMS 0x0000000754200000| PB 0x0000000754200000| Untracked 
| 655|0x0000000754400000, 0x0000000754400000, 0x0000000754600000|  0%| F|  |TAMS 0x0000000754400000| PB 0x0000000754400000| Untracked 
| 656|0x0000000754600000, 0x0000000754600000, 0x0000000754800000|  0%| F|  |TAMS 0x0000000754600000| PB 0x0000000754600000| Untracked 
| 657|0x0000000754800000, 0x0000000754800000, 0x0000000754a00000|  0%| F|  |TAMS 0x0000000754800000| PB 0x0000000754800000| Untracked 
| 658|0x0000000754a00000, 0x0000000754a00000, 0x0000000754c00000|  0%| F|  |TAMS 0x0000000754a00000| PB 0x0000000754a00000| Untracked 
| 659|0x0000000754c00000, 0x0000000754c00000, 0x0000000754e00000|  0%| F|  |TAMS 0x0000000754c00000| PB 0x0000000754c00000| Untracked 
| 660|0x0000000754e00000, 0x0000000754e00000, 0x0000000755000000|  0%| F|  |TAMS 0x0000000754e00000| PB 0x0000000754e00000| Untracked 
| 661|0x0000000755000000, 0x0000000755000000, 0x0000000755200000|  0%| F|  |TAMS 0x0000000755000000| PB 0x0000000755000000| Untracked 
| 662|0x0000000755200000, 0x0000000755200000, 0x0000000755400000|  0%| F|  |TAMS 0x0000000755200000| PB 0x0000000755200000| Untracked 
| 663|0x0000000755400000, 0x0000000755400000, 0x0000000755600000|  0%| F|  |TAMS 0x0000000755400000| PB 0x0000000755400000| Untracked 
| 664|0x0000000755600000, 0x0000000755600000, 0x0000000755800000|  0%| F|  |TAMS 0x0000000755600000| PB 0x0000000755600000| Untracked 
| 665|0x0000000755800000, 0x0000000755800000, 0x0000000755a00000|  0%| F|  |TAMS 0x0000000755800000| PB 0x0000000755800000| Untracked 
| 666|0x0000000755a00000, 0x0000000755a00000, 0x0000000755c00000|  0%| F|  |TAMS 0x0000000755a00000| PB 0x0000000755a00000| Untracked 
| 667|0x0000000755c00000, 0x0000000755c00000, 0x0000000755e00000|  0%| F|  |TAMS 0x0000000755c00000| PB 0x0000000755c00000| Untracked 
| 668|0x0000000755e00000, 0x0000000755e00000, 0x0000000756000000|  0%| F|  |TAMS 0x0000000755e00000| PB 0x0000000755e00000| Untracked 
| 669|0x0000000756000000, 0x0000000756000000, 0x0000000756200000|  0%| F|  |TAMS 0x0000000756000000| PB 0x0000000756000000| Untracked 
| 670|0x0000000756200000, 0x0000000756200000, 0x0000000756400000|  0%| F|  |TAMS 0x0000000756200000| PB 0x0000000756200000| Untracked 
| 671|0x0000000756400000, 0x0000000756400000, 0x0000000756600000|  0%| F|  |TAMS 0x0000000756400000| PB 0x0000000756400000| Untracked 
| 672|0x0000000756600000, 0x0000000756600000, 0x0000000756800000|  0%| F|  |TAMS 0x0000000756600000| PB 0x0000000756600000| Untracked 
| 673|0x0000000756800000, 0x0000000756800000, 0x0000000756a00000|  0%| F|  |TAMS 0x0000000756800000| PB 0x0000000756800000| Untracked 
| 674|0x0000000756a00000, 0x0000000756a00000, 0x0000000756c00000|  0%| F|  |TAMS 0x0000000756a00000| PB 0x0000000756a00000| Untracked 
| 675|0x0000000756c00000, 0x0000000756c00000, 0x0000000756e00000|  0%| F|  |TAMS 0x0000000756c00000| PB 0x0000000756c00000| Untracked 
| 676|0x0000000756e00000, 0x0000000756e00000, 0x0000000757000000|  0%| F|  |TAMS 0x0000000756e00000| PB 0x0000000756e00000| Untracked 
| 677|0x0000000757000000, 0x0000000757000000, 0x0000000757200000|  0%| F|  |TAMS 0x0000000757000000| PB 0x0000000757000000| Untracked 
| 678|0x0000000757200000, 0x0000000757200000, 0x0000000757400000|  0%| F|  |TAMS 0x0000000757200000| PB 0x0000000757200000| Untracked 
| 679|0x0000000757400000, 0x0000000757400000, 0x0000000757600000|  0%| F|  |TAMS 0x0000000757400000| PB 0x0000000757400000| Untracked 
| 680|0x0000000757600000, 0x0000000757600000, 0x0000000757800000|  0%| F|  |TAMS 0x0000000757600000| PB 0x0000000757600000| Untracked 
| 681|0x0000000757800000, 0x0000000757800000, 0x0000000757a00000|  0%| F|  |TAMS 0x0000000757800000| PB 0x0000000757800000| Untracked 
| 682|0x0000000757a00000, 0x0000000757a00000, 0x0000000757c00000|  0%| F|  |TAMS 0x0000000757a00000| PB 0x0000000757a00000| Untracked 
| 683|0x0000000757c00000, 0x0000000757c00000, 0x0000000757e00000|  0%| F|  |TAMS 0x0000000757c00000| PB 0x0000000757c00000| Untracked 
| 684|0x0000000757e00000, 0x0000000757e00000, 0x0000000758000000|  0%| F|  |TAMS 0x0000000757e00000| PB 0x0000000757e00000| Untracked 
| 685|0x0000000758000000, 0x0000000758000000, 0x0000000758200000|  0%| F|  |TAMS 0x0000000758000000| PB 0x0000000758000000| Untracked 
| 686|0x0000000758200000, 0x0000000758200000, 0x0000000758400000|  0%| F|  |TAMS 0x0000000758200000| PB 0x0000000758200000| Untracked 
| 687|0x0000000758400000, 0x0000000758400000, 0x0000000758600000|  0%| F|  |TAMS 0x0000000758400000| PB 0x0000000758400000| Untracked 
| 688|0x0000000758600000, 0x0000000758600000, 0x0000000758800000|  0%| F|  |TAMS 0x0000000758600000| PB 0x0000000758600000| Untracked 
| 689|0x0000000758800000, 0x0000000758800000, 0x0000000758a00000|  0%| F|  |TAMS 0x0000000758800000| PB 0x0000000758800000| Untracked 
| 690|0x0000000758a00000, 0x0000000758a00000, 0x0000000758c00000|  0%| F|  |TAMS 0x0000000758a00000| PB 0x0000000758a00000| Untracked 
| 691|0x0000000758c00000, 0x0000000758c00000, 0x0000000758e00000|  0%| F|  |TAMS 0x0000000758c00000| PB 0x0000000758c00000| Untracked 
| 692|0x0000000758e00000, 0x0000000758e00000, 0x0000000759000000|  0%| F|  |TAMS 0x0000000758e00000| PB 0x0000000758e00000| Untracked 
| 693|0x0000000759000000, 0x0000000759000000, 0x0000000759200000|  0%| F|  |TAMS 0x0000000759000000| PB 0x0000000759000000| Untracked 
| 694|0x0000000759200000, 0x0000000759200000, 0x0000000759400000|  0%| F|  |TAMS 0x0000000759200000| PB 0x0000000759200000| Untracked 
| 695|0x0000000759400000, 0x0000000759400000, 0x0000000759600000|  0%| F|  |TAMS 0x0000000759400000| PB 0x0000000759400000| Untracked 
| 696|0x0000000759600000, 0x0000000759600000, 0x0000000759800000|  0%| F|  |TAMS 0x0000000759600000| PB 0x0000000759600000| Untracked 
| 697|0x0000000759800000, 0x0000000759800000, 0x0000000759a00000|  0%| F|  |TAMS 0x0000000759800000| PB 0x0000000759800000| Untracked 
| 698|0x0000000759a00000, 0x0000000759a00000, 0x0000000759c00000|  0%| F|  |TAMS 0x0000000759a00000| PB 0x0000000759a00000| Untracked 
| 699|0x0000000759c00000, 0x0000000759c00000, 0x0000000759e00000|  0%| F|  |TAMS 0x0000000759c00000| PB 0x0000000759c00000| Untracked 
| 700|0x0000000759e00000, 0x0000000759e00000, 0x000000075a000000|  0%| F|  |TAMS 0x0000000759e00000| PB 0x0000000759e00000| Untracked 
| 701|0x000000075a000000, 0x000000075a000000, 0x000000075a200000|  0%| F|  |TAMS 0x000000075a000000| PB 0x000000075a000000| Untracked 
| 702|0x000000075a200000, 0x000000075a200000, 0x000000075a400000|  0%| F|  |TAMS 0x000000075a200000| PB 0x000000075a200000| Untracked 
| 703|0x000000075a400000, 0x000000075a400000, 0x000000075a600000|  0%| F|  |TAMS 0x000000075a400000| PB 0x000000075a400000| Untracked 
| 704|0x000000075a600000, 0x000000075a600000, 0x000000075a800000|  0%| F|  |TAMS 0x000000075a600000| PB 0x000000075a600000| Untracked 
| 705|0x000000075a800000, 0x000000075a800000, 0x000000075aa00000|  0%| F|  |TAMS 0x000000075a800000| PB 0x000000075a800000| Untracked 
| 706|0x000000075aa00000, 0x000000075aa00000, 0x000000075ac00000|  0%| F|  |TAMS 0x000000075aa00000| PB 0x000000075aa00000| Untracked 
| 707|0x000000075ac00000, 0x000000075ac00000, 0x000000075ae00000|  0%| F|  |TAMS 0x000000075ac00000| PB 0x000000075ac00000| Untracked 
| 708|0x000000075ae00000, 0x000000075ae00000, 0x000000075b000000|  0%| F|  |TAMS 0x000000075ae00000| PB 0x000000075ae00000| Untracked 
| 709|0x000000075b000000, 0x000000075b000000, 0x000000075b200000|  0%| F|  |TAMS 0x000000075b000000| PB 0x000000075b000000| Untracked 
| 710|0x000000075b200000, 0x000000075b200000, 0x000000075b400000|  0%| F|  |TAMS 0x000000075b200000| PB 0x000000075b200000| Untracked 
| 711|0x000000075b400000, 0x000000075b400000, 0x000000075b600000|  0%| F|  |TAMS 0x000000075b400000| PB 0x000000075b400000| Untracked 
| 712|0x000000075b600000, 0x000000075b600000, 0x000000075b800000|  0%| F|  |TAMS 0x000000075b600000| PB 0x000000075b600000| Untracked 
| 713|0x000000075b800000, 0x000000075b800000, 0x000000075ba00000|  0%| F|  |TAMS 0x000000075b800000| PB 0x000000075b800000| Untracked 
| 714|0x000000075ba00000, 0x000000075ba00000, 0x000000075bc00000|  0%| F|  |TAMS 0x000000075ba00000| PB 0x000000075ba00000| Untracked 
| 715|0x000000075bc00000, 0x000000075bc00000, 0x000000075be00000|  0%| F|  |TAMS 0x000000075bc00000| PB 0x000000075bc00000| Untracked 
| 716|0x000000075be00000, 0x000000075be00000, 0x000000075c000000|  0%| F|  |TAMS 0x000000075be00000| PB 0x000000075be00000| Untracked 
| 717|0x000000075c000000, 0x000000075c000000, 0x000000075c200000|  0%| F|  |TAMS 0x000000075c000000| PB 0x000000075c000000| Untracked 
| 718|0x000000075c200000, 0x000000075c200000, 0x000000075c400000|  0%| F|  |TAMS 0x000000075c200000| PB 0x000000075c200000| Untracked 
| 719|0x000000075c400000, 0x000000075c400000, 0x000000075c600000|  0%| F|  |TAMS 0x000000075c400000| PB 0x000000075c400000| Untracked 
| 720|0x000000075c600000, 0x000000075c600000, 0x000000075c800000|  0%| F|  |TAMS 0x000000075c600000| PB 0x000000075c600000| Untracked 
| 721|0x000000075c800000, 0x000000075c800000, 0x000000075ca00000|  0%| F|  |TAMS 0x000000075c800000| PB 0x000000075c800000| Untracked 
| 722|0x000000075ca00000, 0x000000075ca00000, 0x000000075cc00000|  0%| F|  |TAMS 0x000000075ca00000| PB 0x000000075ca00000| Untracked 
| 723|0x000000075cc00000, 0x000000075cc00000, 0x000000075ce00000|  0%| F|  |TAMS 0x000000075cc00000| PB 0x000000075cc00000| Untracked 
| 724|0x000000075ce00000, 0x000000075ce00000, 0x000000075d000000|  0%| F|  |TAMS 0x000000075ce00000| PB 0x000000075ce00000| Untracked 
| 725|0x000000075d000000, 0x000000075d000000, 0x000000075d200000|  0%| F|  |TAMS 0x000000075d000000| PB 0x000000075d000000| Untracked 
| 726|0x000000075d200000, 0x000000075d200000, 0x000000075d400000|  0%| F|  |TAMS 0x000000075d200000| PB 0x000000075d200000| Untracked 
| 727|0x000000075d400000, 0x000000075d400000, 0x000000075d600000|  0%| F|  |TAMS 0x000000075d400000| PB 0x000000075d400000| Untracked 
| 728|0x000000075d600000, 0x000000075d600000, 0x000000075d800000|  0%| F|  |TAMS 0x000000075d600000| PB 0x000000075d600000| Untracked 
| 729|0x000000075d800000, 0x000000075d800000, 0x000000075da00000|  0%| F|  |TAMS 0x000000075d800000| PB 0x000000075d800000| Untracked 
| 730|0x000000075da00000, 0x000000075da00000, 0x000000075dc00000|  0%| F|  |TAMS 0x000000075da00000| PB 0x000000075da00000| Untracked 
| 731|0x000000075dc00000, 0x000000075dc00000, 0x000000075de00000|  0%| F|  |TAMS 0x000000075dc00000| PB 0x000000075dc00000| Untracked 
| 732|0x000000075de00000, 0x000000075de00000, 0x000000075e000000|  0%| F|  |TAMS 0x000000075de00000| PB 0x000000075de00000| Untracked 
| 733|0x000000075e000000, 0x000000075e000000, 0x000000075e200000|  0%| F|  |TAMS 0x000000075e000000| PB 0x000000075e000000| Untracked 
| 734|0x000000075e200000, 0x000000075e200000, 0x000000075e400000|  0%| F|  |TAMS 0x000000075e200000| PB 0x000000075e200000| Untracked 
| 735|0x000000075e400000, 0x000000075e400000, 0x000000075e600000|  0%| F|  |TAMS 0x000000075e400000| PB 0x000000075e400000| Untracked 
| 736|0x000000075e600000, 0x000000075e600000, 0x000000075e800000|  0%| F|  |TAMS 0x000000075e600000| PB 0x000000075e600000| Untracked 
| 737|0x000000075e800000, 0x000000075e800000, 0x000000075ea00000|  0%| F|  |TAMS 0x000000075e800000| PB 0x000000075e800000| Untracked 
| 738|0x000000075ea00000, 0x000000075ea00000, 0x000000075ec00000|  0%| F|  |TAMS 0x000000075ea00000| PB 0x000000075ea00000| Untracked 
| 739|0x000000075ec00000, 0x000000075ec00000, 0x000000075ee00000|  0%| F|  |TAMS 0x000000075ec00000| PB 0x000000075ec00000| Untracked 
| 740|0x000000075ee00000, 0x000000075ee00000, 0x000000075f000000|  0%| F|  |TAMS 0x000000075ee00000| PB 0x000000075ee00000| Untracked 
| 741|0x000000075f000000, 0x000000075f000000, 0x000000075f200000|  0%| F|  |TAMS 0x000000075f000000| PB 0x000000075f000000| Untracked 
| 742|0x000000075f200000, 0x000000075f200000, 0x000000075f400000|  0%| F|  |TAMS 0x000000075f200000| PB 0x000000075f200000| Untracked 
| 743|0x000000075f400000, 0x000000075f400000, 0x000000075f600000|  0%| F|  |TAMS 0x000000075f400000| PB 0x000000075f400000| Untracked 
| 744|0x000000075f600000, 0x000000075f600000, 0x000000075f800000|  0%| F|  |TAMS 0x000000075f600000| PB 0x000000075f600000| Untracked 
| 745|0x000000075f800000, 0x000000075f800000, 0x000000075fa00000|  0%| F|  |TAMS 0x000000075f800000| PB 0x000000075f800000| Untracked 
| 746|0x000000075fa00000, 0x000000075fa00000, 0x000000075fc00000|  0%| F|  |TAMS 0x000000075fa00000| PB 0x000000075fa00000| Untracked 
| 747|0x000000075fc00000, 0x000000075fc00000, 0x000000075fe00000|  0%| F|  |TAMS 0x000000075fc00000| PB 0x000000075fc00000| Untracked 
| 748|0x000000075fe00000, 0x000000075fe00000, 0x0000000760000000|  0%| F|  |TAMS 0x000000075fe00000| PB 0x000000075fe00000| Untracked 
| 749|0x0000000760000000, 0x0000000760000000, 0x0000000760200000|  0%| F|  |TAMS 0x0000000760000000| PB 0x0000000760000000| Untracked 
| 750|0x0000000760200000, 0x0000000760200000, 0x0000000760400000|  0%| F|  |TAMS 0x0000000760200000| PB 0x0000000760200000| Untracked 
| 751|0x0000000760400000, 0x0000000760400000, 0x0000000760600000|  0%| F|  |TAMS 0x0000000760400000| PB 0x0000000760400000| Untracked 
| 752|0x0000000760600000, 0x0000000760600000, 0x0000000760800000|  0%| F|  |TAMS 0x0000000760600000| PB 0x0000000760600000| Untracked 
| 753|0x0000000760800000, 0x0000000760800000, 0x0000000760a00000|  0%| F|  |TAMS 0x0000000760800000| PB 0x0000000760800000| Untracked 
| 754|0x0000000760a00000, 0x0000000760a00000, 0x0000000760c00000|  0%| F|  |TAMS 0x0000000760a00000| PB 0x0000000760a00000| Untracked 
| 755|0x0000000760c00000, 0x0000000760c00000, 0x0000000760e00000|  0%| F|  |TAMS 0x0000000760c00000| PB 0x0000000760c00000| Untracked 
| 756|0x0000000760e00000, 0x0000000760e00000, 0x0000000761000000|  0%| F|  |TAMS 0x0000000760e00000| PB 0x0000000760e00000| Untracked 
| 757|0x0000000761000000, 0x0000000761000000, 0x0000000761200000|  0%| F|  |TAMS 0x0000000761000000| PB 0x0000000761000000| Untracked 
| 758|0x0000000761200000, 0x0000000761200000, 0x0000000761400000|  0%| F|  |TAMS 0x0000000761200000| PB 0x0000000761200000| Untracked 
| 759|0x0000000761400000, 0x0000000761400000, 0x0000000761600000|  0%| F|  |TAMS 0x0000000761400000| PB 0x0000000761400000| Untracked 
| 760|0x0000000761600000, 0x0000000761600000, 0x0000000761800000|  0%| F|  |TAMS 0x0000000761600000| PB 0x0000000761600000| Untracked 
| 761|0x0000000761800000, 0x0000000761800000, 0x0000000761a00000|  0%| F|  |TAMS 0x0000000761800000| PB 0x0000000761800000| Untracked 
| 762|0x0000000761a00000, 0x0000000761a00000, 0x0000000761c00000|  0%| F|  |TAMS 0x0000000761a00000| PB 0x0000000761a00000| Untracked 
| 763|0x0000000761c00000, 0x0000000761c00000, 0x0000000761e00000|  0%| F|  |TAMS 0x0000000761c00000| PB 0x0000000761c00000| Untracked 
| 764|0x0000000761e00000, 0x0000000761e00000, 0x0000000762000000|  0%| F|  |TAMS 0x0000000761e00000| PB 0x0000000761e00000| Untracked 
| 765|0x0000000762000000, 0x0000000762000000, 0x0000000762200000|  0%| F|  |TAMS 0x0000000762000000| PB 0x0000000762000000| Untracked 
| 766|0x0000000762200000, 0x0000000762200000, 0x0000000762400000|  0%| F|  |TAMS 0x0000000762200000| PB 0x0000000762200000| Untracked 
| 767|0x0000000762400000, 0x0000000762400000, 0x0000000762600000|  0%| F|  |TAMS 0x0000000762400000| PB 0x0000000762400000| Untracked 
| 768|0x0000000762600000, 0x0000000762600000, 0x0000000762800000|  0%| F|  |TAMS 0x0000000762600000| PB 0x0000000762600000| Untracked 
| 769|0x0000000762800000, 0x0000000762800000, 0x0000000762a00000|  0%| F|  |TAMS 0x0000000762800000| PB 0x0000000762800000| Untracked 
| 770|0x0000000762a00000, 0x0000000762a00000, 0x0000000762c00000|  0%| F|  |TAMS 0x0000000762a00000| PB 0x0000000762a00000| Untracked 
| 771|0x0000000762c00000, 0x0000000762c00000, 0x0000000762e00000|  0%| F|  |TAMS 0x0000000762c00000| PB 0x0000000762c00000| Untracked 
| 772|0x0000000762e00000, 0x0000000762e00000, 0x0000000763000000|  0%| F|  |TAMS 0x0000000762e00000| PB 0x0000000762e00000| Untracked 
| 773|0x0000000763000000, 0x0000000763000000, 0x0000000763200000|  0%| F|  |TAMS 0x0000000763000000| PB 0x0000000763000000| Untracked 
| 774|0x0000000763200000, 0x0000000763200000, 0x0000000763400000|  0%| F|  |TAMS 0x0000000763200000| PB 0x0000000763200000| Untracked 
| 775|0x0000000763400000, 0x0000000763400000, 0x0000000763600000|  0%| F|  |TAMS 0x0000000763400000| PB 0x0000000763400000| Untracked 
| 776|0x0000000763600000, 0x0000000763600000, 0x0000000763800000|  0%| F|  |TAMS 0x0000000763600000| PB 0x0000000763600000| Untracked 
| 777|0x0000000763800000, 0x0000000763800000, 0x0000000763a00000|  0%| F|  |TAMS 0x0000000763800000| PB 0x0000000763800000| Untracked 
| 778|0x0000000763a00000, 0x0000000763a00000, 0x0000000763c00000|  0%| F|  |TAMS 0x0000000763a00000| PB 0x0000000763a00000| Untracked 
| 779|0x0000000763c00000, 0x0000000763c00000, 0x0000000763e00000|  0%| F|  |TAMS 0x0000000763c00000| PB 0x0000000763c00000| Untracked 
| 780|0x0000000763e00000, 0x0000000763e00000, 0x0000000764000000|  0%| F|  |TAMS 0x0000000763e00000| PB 0x0000000763e00000| Untracked 
| 781|0x0000000764000000, 0x0000000764000000, 0x0000000764200000|  0%| F|  |TAMS 0x0000000764000000| PB 0x0000000764000000| Untracked 
| 782|0x0000000764200000, 0x0000000764200000, 0x0000000764400000|  0%| F|  |TAMS 0x0000000764200000| PB 0x0000000764200000| Untracked 
| 783|0x0000000764400000, 0x0000000764400000, 0x0000000764600000|  0%| F|  |TAMS 0x0000000764400000| PB 0x0000000764400000| Untracked 
| 784|0x0000000764600000, 0x0000000764600000, 0x0000000764800000|  0%| F|  |TAMS 0x0000000764600000| PB 0x0000000764600000| Untracked 
| 785|0x0000000764800000, 0x0000000764800000, 0x0000000764a00000|  0%| F|  |TAMS 0x0000000764800000| PB 0x0000000764800000| Untracked 
| 786|0x0000000764a00000, 0x0000000764a00000, 0x0000000764c00000|  0%| F|  |TAMS 0x0000000764a00000| PB 0x0000000764a00000| Untracked 
| 787|0x0000000764c00000, 0x0000000764c00000, 0x0000000764e00000|  0%| F|  |TAMS 0x0000000764c00000| PB 0x0000000764c00000| Untracked 
| 788|0x0000000764e00000, 0x0000000764e00000, 0x0000000765000000|  0%| F|  |TAMS 0x0000000764e00000| PB 0x0000000764e00000| Untracked 
| 789|0x0000000765000000, 0x0000000765000000, 0x0000000765200000|  0%| F|  |TAMS 0x0000000765000000| PB 0x0000000765000000| Untracked 
| 790|0x0000000765200000, 0x0000000765200000, 0x0000000765400000|  0%| F|  |TAMS 0x0000000765200000| PB 0x0000000765200000| Untracked 
| 791|0x0000000765400000, 0x0000000765400000, 0x0000000765600000|  0%| F|  |TAMS 0x0000000765400000| PB 0x0000000765400000| Untracked 
| 792|0x0000000765600000, 0x0000000765600000, 0x0000000765800000|  0%| F|  |TAMS 0x0000000765600000| PB 0x0000000765600000| Untracked 
| 793|0x0000000765800000, 0x0000000765800000, 0x0000000765a00000|  0%| F|  |TAMS 0x0000000765800000| PB 0x0000000765800000| Untracked 
| 794|0x0000000765a00000, 0x0000000765a00000, 0x0000000765c00000|  0%| F|  |TAMS 0x0000000765a00000| PB 0x0000000765a00000| Untracked 
| 795|0x0000000765c00000, 0x0000000765c00000, 0x0000000765e00000|  0%| F|  |TAMS 0x0000000765c00000| PB 0x0000000765c00000| Untracked 
| 796|0x0000000765e00000, 0x0000000765e00000, 0x0000000766000000|  0%| F|  |TAMS 0x0000000765e00000| PB 0x0000000765e00000| Untracked 
| 797|0x0000000766000000, 0x0000000766000000, 0x0000000766200000|  0%| F|  |TAMS 0x0000000766000000| PB 0x0000000766000000| Untracked 
| 798|0x0000000766200000, 0x0000000766200000, 0x0000000766400000|  0%| F|  |TAMS 0x0000000766200000| PB 0x0000000766200000| Untracked 
| 799|0x0000000766400000, 0x0000000766400000, 0x0000000766600000|  0%| F|  |TAMS 0x0000000766400000| PB 0x0000000766400000| Untracked 
| 800|0x0000000766600000, 0x0000000766600000, 0x0000000766800000|  0%| F|  |TAMS 0x0000000766600000| PB 0x0000000766600000| Untracked 
| 801|0x0000000766800000, 0x0000000766800000, 0x0000000766a00000|  0%| F|  |TAMS 0x0000000766800000| PB 0x0000000766800000| Untracked 
| 802|0x0000000766a00000, 0x0000000766a00000, 0x0000000766c00000|  0%| F|  |TAMS 0x0000000766a00000| PB 0x0000000766a00000| Untracked 
| 803|0x0000000766c00000, 0x0000000766c00000, 0x0000000766e00000|  0%| F|  |TAMS 0x0000000766c00000| PB 0x0000000766c00000| Untracked 
| 804|0x0000000766e00000, 0x0000000766e00000, 0x0000000767000000|  0%| F|  |TAMS 0x0000000766e00000| PB 0x0000000766e00000| Untracked 
| 805|0x0000000767000000, 0x0000000767000000, 0x0000000767200000|  0%| F|  |TAMS 0x0000000767000000| PB 0x0000000767000000| Untracked 
| 806|0x0000000767200000, 0x0000000767200000, 0x0000000767400000|  0%| F|  |TAMS 0x0000000767200000| PB 0x0000000767200000| Untracked 
| 807|0x0000000767400000, 0x0000000767400000, 0x0000000767600000|  0%| F|  |TAMS 0x0000000767400000| PB 0x0000000767400000| Untracked 
| 808|0x0000000767600000, 0x0000000767600000, 0x0000000767800000|  0%| F|  |TAMS 0x0000000767600000| PB 0x0000000767600000| Untracked 
| 809|0x0000000767800000, 0x0000000767800000, 0x0000000767a00000|  0%| F|  |TAMS 0x0000000767800000| PB 0x0000000767800000| Untracked 
| 810|0x0000000767a00000, 0x0000000767a00000, 0x0000000767c00000|  0%| F|  |TAMS 0x0000000767a00000| PB 0x0000000767a00000| Untracked 
| 811|0x0000000767c00000, 0x0000000767c00000, 0x0000000767e00000|  0%| F|  |TAMS 0x0000000767c00000| PB 0x0000000767c00000| Untracked 
| 812|0x0000000767e00000, 0x0000000767e00000, 0x0000000768000000|  0%| F|  |TAMS 0x0000000767e00000| PB 0x0000000767e00000| Untracked 
| 813|0x0000000768000000, 0x0000000768000000, 0x0000000768200000|  0%| F|  |TAMS 0x0000000768000000| PB 0x0000000768000000| Untracked 
| 814|0x0000000768200000, 0x0000000768200000, 0x0000000768400000|  0%| F|  |TAMS 0x0000000768200000| PB 0x0000000768200000| Untracked 
| 815|0x0000000768400000, 0x0000000768400000, 0x0000000768600000|  0%| F|  |TAMS 0x0000000768400000| PB 0x0000000768400000| Untracked 
| 816|0x0000000768600000, 0x0000000768600000, 0x0000000768800000|  0%| F|  |TAMS 0x0000000768600000| PB 0x0000000768600000| Untracked 
| 817|0x0000000768800000, 0x0000000768800000, 0x0000000768a00000|  0%| F|  |TAMS 0x0000000768800000| PB 0x0000000768800000| Untracked 
| 818|0x0000000768a00000, 0x0000000768a00000, 0x0000000768c00000|  0%| F|  |TAMS 0x0000000768a00000| PB 0x0000000768a00000| Untracked 
| 819|0x0000000768c00000, 0x0000000768c00000, 0x0000000768e00000|  0%| F|  |TAMS 0x0000000768c00000| PB 0x0000000768c00000| Untracked 
| 820|0x0000000768e00000, 0x0000000768e00000, 0x0000000769000000|  0%| F|  |TAMS 0x0000000768e00000| PB 0x0000000768e00000| Untracked 
| 821|0x0000000769000000, 0x0000000769000000, 0x0000000769200000|  0%| F|  |TAMS 0x0000000769000000| PB 0x0000000769000000| Untracked 
| 822|0x0000000769200000, 0x0000000769200000, 0x0000000769400000|  0%| F|  |TAMS 0x0000000769200000| PB 0x0000000769200000| Untracked 
| 823|0x0000000769400000, 0x0000000769400000, 0x0000000769600000|  0%| F|  |TAMS 0x0000000769400000| PB 0x0000000769400000| Untracked 
| 824|0x0000000769600000, 0x0000000769600000, 0x0000000769800000|  0%| F|  |TAMS 0x0000000769600000| PB 0x0000000769600000| Untracked 
| 825|0x0000000769800000, 0x0000000769800000, 0x0000000769a00000|  0%| F|  |TAMS 0x0000000769800000| PB 0x0000000769800000| Untracked 
| 826|0x0000000769a00000, 0x0000000769a00000, 0x0000000769c00000|  0%| F|  |TAMS 0x0000000769a00000| PB 0x0000000769a00000| Untracked 
| 827|0x0000000769c00000, 0x0000000769c00000, 0x0000000769e00000|  0%| F|  |TAMS 0x0000000769c00000| PB 0x0000000769c00000| Untracked 
| 828|0x0000000769e00000, 0x0000000769e00000, 0x000000076a000000|  0%| F|  |TAMS 0x0000000769e00000| PB 0x0000000769e00000| Untracked 
| 829|0x000000076a000000, 0x000000076a000000, 0x000000076a200000|  0%| F|  |TAMS 0x000000076a000000| PB 0x000000076a000000| Untracked 
| 830|0x000000076a200000, 0x000000076a200000, 0x000000076a400000|  0%| F|  |TAMS 0x000000076a200000| PB 0x000000076a200000| Untracked 
| 831|0x000000076a400000, 0x000000076a400000, 0x000000076a600000|  0%| F|  |TAMS 0x000000076a400000| PB 0x000000076a400000| Untracked 
| 832|0x000000076a600000, 0x000000076a600000, 0x000000076a800000|  0%| F|  |TAMS 0x000000076a600000| PB 0x000000076a600000| Untracked 
| 833|0x000000076a800000, 0x000000076a800000, 0x000000076aa00000|  0%| F|  |TAMS 0x000000076a800000| PB 0x000000076a800000| Untracked 
| 834|0x000000076aa00000, 0x000000076aa00000, 0x000000076ac00000|  0%| F|  |TAMS 0x000000076aa00000| PB 0x000000076aa00000| Untracked 
| 835|0x000000076ac00000, 0x000000076ac00000, 0x000000076ae00000|  0%| F|  |TAMS 0x000000076ac00000| PB 0x000000076ac00000| Untracked 
| 836|0x000000076ae00000, 0x000000076ae00000, 0x000000076b000000|  0%| F|  |TAMS 0x000000076ae00000| PB 0x000000076ae00000| Untracked 
| 837|0x000000076b000000, 0x000000076b000000, 0x000000076b200000|  0%| F|  |TAMS 0x000000076b000000| PB 0x000000076b000000| Untracked 
| 838|0x000000076b200000, 0x000000076b200000, 0x000000076b400000|  0%| F|  |TAMS 0x000000076b200000| PB 0x000000076b200000| Untracked 
| 839|0x000000076b400000, 0x000000076b400000, 0x000000076b600000|  0%| F|  |TAMS 0x000000076b400000| PB 0x000000076b400000| Untracked 
| 840|0x000000076b600000, 0x000000076b600000, 0x000000076b800000|  0%| F|  |TAMS 0x000000076b600000| PB 0x000000076b600000| Untracked 
| 841|0x000000076b800000, 0x000000076b800000, 0x000000076ba00000|  0%| F|  |TAMS 0x000000076b800000| PB 0x000000076b800000| Untracked 
| 842|0x000000076ba00000, 0x000000076ba00000, 0x000000076bc00000|  0%| F|  |TAMS 0x000000076ba00000| PB 0x000000076ba00000| Untracked 
| 843|0x000000076bc00000, 0x000000076bc00000, 0x000000076be00000|  0%| F|  |TAMS 0x000000076bc00000| PB 0x000000076bc00000| Untracked 
| 844|0x000000076be00000, 0x000000076be00000, 0x000000076c000000|  0%| F|  |TAMS 0x000000076be00000| PB 0x000000076be00000| Untracked 
| 845|0x000000076c000000, 0x000000076c000000, 0x000000076c200000|  0%| F|  |TAMS 0x000000076c000000| PB 0x000000076c000000| Untracked 
| 846|0x000000076c200000, 0x000000076c200000, 0x000000076c400000|  0%| F|  |TAMS 0x000000076c200000| PB 0x000000076c200000| Untracked 
| 847|0x000000076c400000, 0x000000076c400000, 0x000000076c600000|  0%| F|  |TAMS 0x000000076c400000| PB 0x000000076c400000| Untracked 
| 848|0x000000076c600000, 0x000000076c600000, 0x000000076c800000|  0%| F|  |TAMS 0x000000076c600000| PB 0x000000076c600000| Untracked 
| 849|0x000000076c800000, 0x000000076c800000, 0x000000076ca00000|  0%| F|  |TAMS 0x000000076c800000| PB 0x000000076c800000| Untracked 
| 850|0x000000076ca00000, 0x000000076ca00000, 0x000000076cc00000|  0%| F|  |TAMS 0x000000076ca00000| PB 0x000000076ca00000| Untracked 
| 851|0x000000076cc00000, 0x000000076cc00000, 0x000000076ce00000|  0%| F|  |TAMS 0x000000076cc00000| PB 0x000000076cc00000| Untracked 
| 852|0x000000076ce00000, 0x000000076ce00000, 0x000000076d000000|  0%| F|  |TAMS 0x000000076ce00000| PB 0x000000076ce00000| Untracked 
| 853|0x000000076d000000, 0x000000076d000000, 0x000000076d200000|  0%| F|  |TAMS 0x000000076d000000| PB 0x000000076d000000| Untracked 
| 854|0x000000076d200000, 0x000000076d200000, 0x000000076d400000|  0%| F|  |TAMS 0x000000076d200000| PB 0x000000076d200000| Untracked 
| 855|0x000000076d400000, 0x000000076d400000, 0x000000076d600000|  0%| F|  |TAMS 0x000000076d400000| PB 0x000000076d400000| Untracked 
| 856|0x000000076d600000, 0x000000076d600000, 0x000000076d800000|  0%| F|  |TAMS 0x000000076d600000| PB 0x000000076d600000| Untracked 
| 857|0x000000076d800000, 0x000000076d800000, 0x000000076da00000|  0%| F|  |TAMS 0x000000076d800000| PB 0x000000076d800000| Untracked 
| 858|0x000000076da00000, 0x000000076da00000, 0x000000076dc00000|  0%| F|  |TAMS 0x000000076da00000| PB 0x000000076da00000| Untracked 
| 859|0x000000076dc00000, 0x000000076dc00000, 0x000000076de00000|  0%| F|  |TAMS 0x000000076dc00000| PB 0x000000076dc00000| Untracked 
| 860|0x000000076de00000, 0x000000076de00000, 0x000000076e000000|  0%| F|  |TAMS 0x000000076de00000| PB 0x000000076de00000| Untracked 
| 861|0x000000076e000000, 0x000000076e000000, 0x000000076e200000|  0%| F|  |TAMS 0x000000076e000000| PB 0x000000076e000000| Untracked 
| 862|0x000000076e200000, 0x000000076e200000, 0x000000076e400000|  0%| F|  |TAMS 0x000000076e200000| PB 0x000000076e200000| Untracked 
| 863|0x000000076e400000, 0x000000076e400000, 0x000000076e600000|  0%| F|  |TAMS 0x000000076e400000| PB 0x000000076e400000| Untracked 
| 864|0x000000076e600000, 0x000000076e600000, 0x000000076e800000|  0%| F|  |TAMS 0x000000076e600000| PB 0x000000076e600000| Untracked 
| 865|0x000000076e800000, 0x000000076e800000, 0x000000076ea00000|  0%| F|  |TAMS 0x000000076e800000| PB 0x000000076e800000| Untracked 
| 866|0x000000076ea00000, 0x000000076ea00000, 0x000000076ec00000|  0%| F|  |TAMS 0x000000076ea00000| PB 0x000000076ea00000| Untracked 
| 867|0x000000076ec00000, 0x000000076ec00000, 0x000000076ee00000|  0%| F|  |TAMS 0x000000076ec00000| PB 0x000000076ec00000| Untracked 
| 868|0x000000076ee00000, 0x000000076ee00000, 0x000000076f000000|  0%| F|  |TAMS 0x000000076ee00000| PB 0x000000076ee00000| Untracked 
| 869|0x000000076f000000, 0x000000076f000000, 0x000000076f200000|  0%| F|  |TAMS 0x000000076f000000| PB 0x000000076f000000| Untracked 
| 870|0x000000076f200000, 0x000000076f200000, 0x000000076f400000|  0%| F|  |TAMS 0x000000076f200000| PB 0x000000076f200000| Untracked 
| 871|0x000000076f400000, 0x000000076f400000, 0x000000076f600000|  0%| F|  |TAMS 0x000000076f400000| PB 0x000000076f400000| Untracked 
| 872|0x000000076f600000, 0x000000076f600000, 0x000000076f800000|  0%| F|  |TAMS 0x000000076f600000| PB 0x000000076f600000| Untracked 
| 873|0x000000076f800000, 0x000000076f800000, 0x000000076fa00000|  0%| F|  |TAMS 0x000000076f800000| PB 0x000000076f800000| Untracked 
| 874|0x000000076fa00000, 0x000000076fa00000, 0x000000076fc00000|  0%| F|  |TAMS 0x000000076fa00000| PB 0x000000076fa00000| Untracked 
| 875|0x000000076fc00000, 0x000000076fc00000, 0x000000076fe00000|  0%| F|  |TAMS 0x000000076fc00000| PB 0x000000076fc00000| Untracked 
| 876|0x000000076fe00000, 0x000000076fe00000, 0x0000000770000000|  0%| F|  |TAMS 0x000000076fe00000| PB 0x000000076fe00000| Untracked 
| 877|0x0000000770000000, 0x0000000770000000, 0x0000000770200000|  0%| F|  |TAMS 0x0000000770000000| PB 0x0000000770000000| Untracked 
| 878|0x0000000770200000, 0x0000000770200000, 0x0000000770400000|  0%| F|  |TAMS 0x0000000770200000| PB 0x0000000770200000| Untracked 
| 879|0x0000000770400000, 0x0000000770400000, 0x0000000770600000|  0%| F|  |TAMS 0x0000000770400000| PB 0x0000000770400000| Untracked 
| 880|0x0000000770600000, 0x0000000770600000, 0x0000000770800000|  0%| F|  |TAMS 0x0000000770600000| PB 0x0000000770600000| Untracked 
| 881|0x0000000770800000, 0x0000000770800000, 0x0000000770a00000|  0%| F|  |TAMS 0x0000000770800000| PB 0x0000000770800000| Untracked 
| 882|0x0000000770a00000, 0x0000000770a00000, 0x0000000770c00000|  0%| F|  |TAMS 0x0000000770a00000| PB 0x0000000770a00000| Untracked 
| 883|0x0000000770c00000, 0x0000000770c00000, 0x0000000770e00000|  0%| F|  |TAMS 0x0000000770c00000| PB 0x0000000770c00000| Untracked 
| 884|0x0000000770e00000, 0x0000000770e00000, 0x0000000771000000|  0%| F|  |TAMS 0x0000000770e00000| PB 0x0000000770e00000| Untracked 
| 885|0x0000000771000000, 0x0000000771000000, 0x0000000771200000|  0%| F|  |TAMS 0x0000000771000000| PB 0x0000000771000000| Untracked 
| 886|0x0000000771200000, 0x00000007712c9228, 0x0000000771400000| 39%| S|CS|TAMS 0x0000000771200000| PB 0x0000000771200000| Complete 
| 887|0x0000000771400000, 0x0000000771600000, 0x0000000771600000|100%| S|CS|TAMS 0x0000000771400000| PB 0x0000000771400000| Complete 
| 888|0x0000000771600000, 0x0000000771800000, 0x0000000771800000|100%| S|CS|TAMS 0x0000000771600000| PB 0x0000000771600000| Complete 
| 889|0x0000000771800000, 0x0000000771a00000, 0x0000000771a00000|100%| S|CS|TAMS 0x0000000771800000| PB 0x0000000771800000| Complete 
| 890|0x0000000771a00000, 0x0000000771a00000, 0x0000000771c00000|  0%| F|  |TAMS 0x0000000771a00000| PB 0x0000000771a00000| Untracked 
| 891|0x0000000771c00000, 0x0000000771c00000, 0x0000000771e00000|  0%| F|  |TAMS 0x0000000771c00000| PB 0x0000000771c00000| Untracked 
| 892|0x0000000771e00000, 0x0000000771e00000, 0x0000000772000000|  0%| F|  |TAMS 0x0000000771e00000| PB 0x0000000771e00000| Untracked 
| 893|0x0000000772000000, 0x0000000772000000, 0x0000000772200000|  0%| F|  |TAMS 0x0000000772000000| PB 0x0000000772000000| Untracked 
| 894|0x0000000772200000, 0x0000000772200000, 0x0000000772400000|  0%| F|  |TAMS 0x0000000772200000| PB 0x0000000772200000| Untracked 
| 895|0x0000000772400000, 0x0000000772400000, 0x0000000772600000|  0%| F|  |TAMS 0x0000000772400000| PB 0x0000000772400000| Untracked 
| 896|0x0000000772600000, 0x0000000772600000, 0x0000000772800000|  0%| F|  |TAMS 0x0000000772600000| PB 0x0000000772600000| Untracked 
| 897|0x0000000772800000, 0x0000000772800000, 0x0000000772a00000|  0%| F|  |TAMS 0x0000000772800000| PB 0x0000000772800000| Untracked 
| 898|0x0000000772a00000, 0x0000000772a00000, 0x0000000772c00000|  0%| F|  |TAMS 0x0000000772a00000| PB 0x0000000772a00000| Untracked 
| 899|0x0000000772c00000, 0x0000000772c00000, 0x0000000772e00000|  0%| F|  |TAMS 0x0000000772c00000| PB 0x0000000772c00000| Untracked 
| 900|0x0000000772e00000, 0x0000000772e00000, 0x0000000773000000|  0%| F|  |TAMS 0x0000000772e00000| PB 0x0000000772e00000| Untracked 
| 901|0x0000000773000000, 0x0000000773000000, 0x0000000773200000|  0%| F|  |TAMS 0x0000000773000000| PB 0x0000000773000000| Untracked 
| 902|0x0000000773200000, 0x0000000773200000, 0x0000000773400000|  0%| F|  |TAMS 0x0000000773200000| PB 0x0000000773200000| Untracked 
| 903|0x0000000773400000, 0x0000000773400000, 0x0000000773600000|  0%| F|  |TAMS 0x0000000773400000| PB 0x0000000773400000| Untracked 
| 904|0x0000000773600000, 0x0000000773600000, 0x0000000773800000|  0%| F|  |TAMS 0x0000000773600000| PB 0x0000000773600000| Untracked 
| 905|0x0000000773800000, 0x0000000773800000, 0x0000000773a00000|  0%| F|  |TAMS 0x0000000773800000| PB 0x0000000773800000| Untracked 
| 906|0x0000000773a00000, 0x0000000773a00000, 0x0000000773c00000|  0%| F|  |TAMS 0x0000000773a00000| PB 0x0000000773a00000| Untracked 
| 907|0x0000000773c00000, 0x0000000773c00000, 0x0000000773e00000|  0%| F|  |TAMS 0x0000000773c00000| PB 0x0000000773c00000| Untracked 
| 908|0x0000000773e00000, 0x0000000773e00000, 0x0000000774000000|  0%| F|  |TAMS 0x0000000773e00000| PB 0x0000000773e00000| Untracked 
| 909|0x0000000774000000, 0x0000000774000000, 0x0000000774200000|  0%| F|  |TAMS 0x0000000774000000| PB 0x0000000774000000| Untracked 
| 910|0x0000000774200000, 0x0000000774200000, 0x0000000774400000|  0%| F|  |TAMS 0x0000000774200000| PB 0x0000000774200000| Untracked 
| 911|0x0000000774400000, 0x0000000774400000, 0x0000000774600000|  0%| F|  |TAMS 0x0000000774400000| PB 0x0000000774400000| Untracked 
| 912|0x0000000774600000, 0x0000000774600000, 0x0000000774800000|  0%| F|  |TAMS 0x0000000774600000| PB 0x0000000774600000| Untracked 
| 913|0x0000000774800000, 0x0000000774800000, 0x0000000774a00000|  0%| F|  |TAMS 0x0000000774800000| PB 0x0000000774800000| Untracked 
| 914|0x0000000774a00000, 0x0000000774a00000, 0x0000000774c00000|  0%| F|  |TAMS 0x0000000774a00000| PB 0x0000000774a00000| Untracked 
| 915|0x0000000774c00000, 0x0000000774c00000, 0x0000000774e00000|  0%| F|  |TAMS 0x0000000774c00000| PB 0x0000000774c00000| Untracked 
| 916|0x0000000774e00000, 0x0000000774e00000, 0x0000000775000000|  0%| F|  |TAMS 0x0000000774e00000| PB 0x0000000774e00000| Untracked 
| 917|0x0000000775000000, 0x0000000775000000, 0x0000000775200000|  0%| F|  |TAMS 0x0000000775000000| PB 0x0000000775000000| Untracked 
| 918|0x0000000775200000, 0x0000000775200000, 0x0000000775400000|  0%| F|  |TAMS 0x0000000775200000| PB 0x0000000775200000| Untracked 
| 919|0x0000000775400000, 0x0000000775400000, 0x0000000775600000|  0%| F|  |TAMS 0x0000000775400000| PB 0x0000000775400000| Untracked 
| 920|0x0000000775600000, 0x0000000775600000, 0x0000000775800000|  0%| F|  |TAMS 0x0000000775600000| PB 0x0000000775600000| Untracked 
| 921|0x0000000775800000, 0x0000000775800000, 0x0000000775a00000|  0%| F|  |TAMS 0x0000000775800000| PB 0x0000000775800000| Untracked 
| 922|0x0000000775a00000, 0x0000000775a00000, 0x0000000775c00000|  0%| F|  |TAMS 0x0000000775a00000| PB 0x0000000775a00000| Untracked 
| 923|0x0000000775c00000, 0x0000000775c00000, 0x0000000775e00000|  0%| F|  |TAMS 0x0000000775c00000| PB 0x0000000775c00000| Untracked 
| 924|0x0000000775e00000, 0x0000000775e00000, 0x0000000776000000|  0%| F|  |TAMS 0x0000000775e00000| PB 0x0000000775e00000| Untracked 
| 925|0x0000000776000000, 0x0000000776000000, 0x0000000776200000|  0%| F|  |TAMS 0x0000000776000000| PB 0x0000000776000000| Untracked 
| 926|0x0000000776200000, 0x0000000776200000, 0x0000000776400000|  0%| F|  |TAMS 0x0000000776200000| PB 0x0000000776200000| Untracked 
| 927|0x0000000776400000, 0x0000000776400000, 0x0000000776600000|  0%| F|  |TAMS 0x0000000776400000| PB 0x0000000776400000| Untracked 
| 928|0x0000000776600000, 0x0000000776600000, 0x0000000776800000|  0%| F|  |TAMS 0x0000000776600000| PB 0x0000000776600000| Untracked 
| 929|0x0000000776800000, 0x0000000776800000, 0x0000000776a00000|  0%| F|  |TAMS 0x0000000776800000| PB 0x0000000776800000| Untracked 
| 930|0x0000000776a00000, 0x0000000776a00000, 0x0000000776c00000|  0%| F|  |TAMS 0x0000000776a00000| PB 0x0000000776a00000| Untracked 
| 931|0x0000000776c00000, 0x0000000776c00000, 0x0000000776e00000|  0%| F|  |TAMS 0x0000000776c00000| PB 0x0000000776c00000| Untracked 
| 932|0x0000000776e00000, 0x0000000776e00000, 0x0000000777000000|  0%| F|  |TAMS 0x0000000776e00000| PB 0x0000000776e00000| Untracked 
| 933|0x0000000777000000, 0x0000000777000000, 0x0000000777200000|  0%| F|  |TAMS 0x0000000777000000| PB 0x0000000777000000| Untracked 
| 934|0x0000000777200000, 0x0000000777200000, 0x0000000777400000|  0%| F|  |TAMS 0x0000000777200000| PB 0x0000000777200000| Untracked 
| 935|0x0000000777400000, 0x0000000777400000, 0x0000000777600000|  0%| F|  |TAMS 0x0000000777400000| PB 0x0000000777400000| Untracked 
| 936|0x0000000777600000, 0x0000000777600000, 0x0000000777800000|  0%| F|  |TAMS 0x0000000777600000| PB 0x0000000777600000| Untracked 
| 937|0x0000000777800000, 0x0000000777800000, 0x0000000777a00000|  0%| F|  |TAMS 0x0000000777800000| PB 0x0000000777800000| Untracked 
| 938|0x0000000777a00000, 0x0000000777a00000, 0x0000000777c00000|  0%| F|  |TAMS 0x0000000777a00000| PB 0x0000000777a00000| Untracked 
| 939|0x0000000777c00000, 0x0000000777c00000, 0x0000000777e00000|  0%| F|  |TAMS 0x0000000777c00000| PB 0x0000000777c00000| Untracked 
| 940|0x0000000777e00000, 0x0000000777e00000, 0x0000000778000000|  0%| F|  |TAMS 0x0000000777e00000| PB 0x0000000777e00000| Untracked 
| 941|0x0000000778000000, 0x0000000778000000, 0x0000000778200000|  0%| F|  |TAMS 0x0000000778000000| PB 0x0000000778000000| Untracked 
| 942|0x0000000778200000, 0x0000000778200000, 0x0000000778400000|  0%| F|  |TAMS 0x0000000778200000| PB 0x0000000778200000| Untracked 
| 943|0x0000000778400000, 0x0000000778400000, 0x0000000778600000|  0%| F|  |TAMS 0x0000000778400000| PB 0x0000000778400000| Untracked 
| 944|0x0000000778600000, 0x0000000778600000, 0x0000000778800000|  0%| F|  |TAMS 0x0000000778600000| PB 0x0000000778600000| Untracked 
| 945|0x0000000778800000, 0x0000000778800000, 0x0000000778a00000|  0%| F|  |TAMS 0x0000000778800000| PB 0x0000000778800000| Untracked 
| 946|0x0000000778a00000, 0x0000000778a00000, 0x0000000778c00000|  0%| F|  |TAMS 0x0000000778a00000| PB 0x0000000778a00000| Untracked 
| 947|0x0000000778c00000, 0x0000000778c00000, 0x0000000778e00000|  0%| F|  |TAMS 0x0000000778c00000| PB 0x0000000778c00000| Untracked 
| 948|0x0000000778e00000, 0x0000000778e00000, 0x0000000779000000|  0%| F|  |TAMS 0x0000000778e00000| PB 0x0000000778e00000| Untracked 
| 949|0x0000000779000000, 0x0000000779000000, 0x0000000779200000|  0%| F|  |TAMS 0x0000000779000000| PB 0x0000000779000000| Untracked 
| 950|0x0000000779200000, 0x0000000779200000, 0x0000000779400000|  0%| F|  |TAMS 0x0000000779200000| PB 0x0000000779200000| Untracked 
| 951|0x0000000779400000, 0x0000000779400000, 0x0000000779600000|  0%| F|  |TAMS 0x0000000779400000| PB 0x0000000779400000| Untracked 
| 952|0x0000000779600000, 0x0000000779600000, 0x0000000779800000|  0%| F|  |TAMS 0x0000000779600000| PB 0x0000000779600000| Untracked 
| 953|0x0000000779800000, 0x0000000779800000, 0x0000000779a00000|  0%| F|  |TAMS 0x0000000779800000| PB 0x0000000779800000| Untracked 
| 954|0x0000000779a00000, 0x0000000779a00000, 0x0000000779c00000|  0%| F|  |TAMS 0x0000000779a00000| PB 0x0000000779a00000| Untracked 
| 955|0x0000000779c00000, 0x0000000779c00000, 0x0000000779e00000|  0%| F|  |TAMS 0x0000000779c00000| PB 0x0000000779c00000| Untracked 
| 956|0x0000000779e00000, 0x0000000779e00000, 0x000000077a000000|  0%| F|  |TAMS 0x0000000779e00000| PB 0x0000000779e00000| Untracked 
| 957|0x000000077a000000, 0x000000077a000000, 0x000000077a200000|  0%| F|  |TAMS 0x000000077a000000| PB 0x000000077a000000| Untracked 
| 958|0x000000077a200000, 0x000000077a200000, 0x000000077a400000|  0%| F|  |TAMS 0x000000077a200000| PB 0x000000077a200000| Untracked 
| 959|0x000000077a400000, 0x000000077a400000, 0x000000077a600000|  0%| F|  |TAMS 0x000000077a400000| PB 0x000000077a400000| Untracked 
| 960|0x000000077a600000, 0x000000077a600000, 0x000000077a800000|  0%| F|  |TAMS 0x000000077a600000| PB 0x000000077a600000| Untracked 
| 961|0x000000077a800000, 0x000000077a800000, 0x000000077aa00000|  0%| F|  |TAMS 0x000000077a800000| PB 0x000000077a800000| Untracked 
| 962|0x000000077aa00000, 0x000000077aa00000, 0x000000077ac00000|  0%| F|  |TAMS 0x000000077aa00000| PB 0x000000077aa00000| Untracked 
| 963|0x000000077ac00000, 0x000000077ac00000, 0x000000077ae00000|  0%| F|  |TAMS 0x000000077ac00000| PB 0x000000077ac00000| Untracked 
| 964|0x000000077ae00000, 0x000000077ae00000, 0x000000077b000000|  0%| F|  |TAMS 0x000000077ae00000| PB 0x000000077ae00000| Untracked 
| 965|0x000000077b000000, 0x000000077b000000, 0x000000077b200000|  0%| F|  |TAMS 0x000000077b000000| PB 0x000000077b000000| Untracked 
| 966|0x000000077b200000, 0x000000077b200000, 0x000000077b400000|  0%| F|  |TAMS 0x000000077b200000| PB 0x000000077b200000| Untracked 
| 967|0x000000077b400000, 0x000000077b400000, 0x000000077b600000|  0%| F|  |TAMS 0x000000077b400000| PB 0x000000077b400000| Untracked 
| 968|0x000000077b600000, 0x000000077b600000, 0x000000077b800000|  0%| F|  |TAMS 0x000000077b600000| PB 0x000000077b600000| Untracked 
| 969|0x000000077b800000, 0x000000077b800000, 0x000000077ba00000|  0%| F|  |TAMS 0x000000077b800000| PB 0x000000077b800000| Untracked 
| 970|0x000000077ba00000, 0x000000077ba00000, 0x000000077bc00000|  0%| F|  |TAMS 0x000000077ba00000| PB 0x000000077ba00000| Untracked 
| 971|0x000000077bc00000, 0x000000077bc00000, 0x000000077be00000|  0%| F|  |TAMS 0x000000077bc00000| PB 0x000000077bc00000| Untracked 
| 972|0x000000077be00000, 0x000000077be00000, 0x000000077c000000|  0%| F|  |TAMS 0x000000077be00000| PB 0x000000077be00000| Untracked 
| 973|0x000000077c000000, 0x000000077c000000, 0x000000077c200000|  0%| F|  |TAMS 0x000000077c000000| PB 0x000000077c000000| Untracked 
| 974|0x000000077c200000, 0x000000077c200000, 0x000000077c400000|  0%| F|  |TAMS 0x000000077c200000| PB 0x000000077c200000| Untracked 
| 975|0x000000077c400000, 0x000000077c400000, 0x000000077c600000|  0%| F|  |TAMS 0x000000077c400000| PB 0x000000077c400000| Untracked 
| 976|0x000000077c600000, 0x000000077c600000, 0x000000077c800000|  0%| F|  |TAMS 0x000000077c600000| PB 0x000000077c600000| Untracked 
| 977|0x000000077c800000, 0x000000077c800000, 0x000000077ca00000|  0%| F|  |TAMS 0x000000077c800000| PB 0x000000077c800000| Untracked 
| 978|0x000000077ca00000, 0x000000077ca00000, 0x000000077cc00000|  0%| F|  |TAMS 0x000000077ca00000| PB 0x000000077ca00000| Untracked 
| 979|0x000000077cc00000, 0x000000077cc00000, 0x000000077ce00000|  0%| F|  |TAMS 0x000000077cc00000| PB 0x000000077cc00000| Untracked 
| 980|0x000000077ce00000, 0x000000077ce00000, 0x000000077d000000|  0%| F|  |TAMS 0x000000077ce00000| PB 0x000000077ce00000| Untracked 
| 981|0x000000077d000000, 0x000000077d000000, 0x000000077d200000|  0%| F|  |TAMS 0x000000077d000000| PB 0x000000077d000000| Untracked 
| 982|0x000000077d200000, 0x000000077d200000, 0x000000077d400000|  0%| F|  |TAMS 0x000000077d200000| PB 0x000000077d200000| Untracked 
| 983|0x000000077d400000, 0x000000077d400000, 0x000000077d600000|  0%| F|  |TAMS 0x000000077d400000| PB 0x000000077d400000| Untracked 
| 984|0x000000077d600000, 0x000000077d600000, 0x000000077d800000|  0%| F|  |TAMS 0x000000077d600000| PB 0x000000077d600000| Untracked 
| 985|0x000000077d800000, 0x000000077d800000, 0x000000077da00000|  0%| F|  |TAMS 0x000000077d800000| PB 0x000000077d800000| Untracked 
| 986|0x000000077da00000, 0x000000077da00000, 0x000000077dc00000|  0%| F|  |TAMS 0x000000077da00000| PB 0x000000077da00000| Untracked 
| 987|0x000000077dc00000, 0x000000077dc00000, 0x000000077de00000|  0%| F|  |TAMS 0x000000077dc00000| PB 0x000000077dc00000| Untracked 
| 988|0x000000077de00000, 0x000000077de00000, 0x000000077e000000|  0%| F|  |TAMS 0x000000077de00000| PB 0x000000077de00000| Untracked 
| 989|0x000000077e000000, 0x000000077e000000, 0x000000077e200000|  0%| F|  |TAMS 0x000000077e000000| PB 0x000000077e000000| Untracked 
| 990|0x000000077e200000, 0x000000077e200000, 0x000000077e400000|  0%| F|  |TAMS 0x000000077e200000| PB 0x000000077e200000| Untracked 
| 991|0x000000077e400000, 0x000000077e400000, 0x000000077e600000|  0%| F|  |TAMS 0x000000077e400000| PB 0x000000077e400000| Untracked 
| 992|0x000000077e600000, 0x000000077e600000, 0x000000077e800000|  0%| F|  |TAMS 0x000000077e600000| PB 0x000000077e600000| Untracked 
| 993|0x000000077e800000, 0x000000077e800000, 0x000000077ea00000|  0%| F|  |TAMS 0x000000077e800000| PB 0x000000077e800000| Untracked 
| 994|0x000000077ea00000, 0x000000077ea00000, 0x000000077ec00000|  0%| F|  |TAMS 0x000000077ea00000| PB 0x000000077ea00000| Untracked 
| 995|0x000000077ec00000, 0x000000077ec00000, 0x000000077ee00000|  0%| F|  |TAMS 0x000000077ec00000| PB 0x000000077ec00000| Untracked 
| 996|0x000000077ee00000, 0x000000077ee00000, 0x000000077f000000|  0%| F|  |TAMS 0x000000077ee00000| PB 0x000000077ee00000| Untracked 
| 997|0x000000077f000000, 0x000000077f000000, 0x000000077f200000|  0%| F|  |TAMS 0x000000077f000000| PB 0x000000077f000000| Untracked 
| 998|0x000000077f200000, 0x000000077f200000, 0x000000077f400000|  0%| F|  |TAMS 0x000000077f200000| PB 0x000000077f200000| Untracked 
| 999|0x000000077f400000, 0x000000077f400000, 0x000000077f600000|  0%| F|  |TAMS 0x000000077f400000| PB 0x000000077f400000| Untracked 
|1000|0x000000077f600000, 0x000000077f600000, 0x000000077f800000|  0%| F|  |TAMS 0x000000077f600000| PB 0x000000077f600000| Untracked 
|1001|0x000000077f800000, 0x000000077f800000, 0x000000077fa00000|  0%| F|  |TAMS 0x000000077f800000| PB 0x000000077f800000| Untracked 
|1002|0x000000077fa00000, 0x000000077fa00000, 0x000000077fc00000|  0%| F|  |TAMS 0x000000077fa00000| PB 0x000000077fa00000| Untracked 
|1003|0x000000077fc00000, 0x000000077fc00000, 0x000000077fe00000|  0%| F|  |TAMS 0x000000077fc00000| PB 0x000000077fc00000| Untracked 
|1004|0x000000077fe00000, 0x000000077fe00000, 0x0000000780000000|  0%| F|  |TAMS 0x000000077fe00000| PB 0x000000077fe00000| Untracked 
|1005|0x0000000780000000, 0x0000000780000000, 0x0000000780200000|  0%| F|  |TAMS 0x0000000780000000| PB 0x0000000780000000| Untracked 
|1006|0x0000000780200000, 0x0000000780200000, 0x0000000780400000|  0%| F|  |TAMS 0x0000000780200000| PB 0x0000000780200000| Untracked 
|1007|0x0000000780400000, 0x0000000780400000, 0x0000000780600000|  0%| F|  |TAMS 0x0000000780400000| PB 0x0000000780400000| Untracked 
|1008|0x0000000780600000, 0x0000000780600000, 0x0000000780800000|  0%| F|  |TAMS 0x0000000780600000| PB 0x0000000780600000| Untracked 
|1009|0x0000000780800000, 0x0000000780800000, 0x0000000780a00000|  0%| F|  |TAMS 0x0000000780800000| PB 0x0000000780800000| Untracked 
|1010|0x0000000780a00000, 0x0000000780a00000, 0x0000000780c00000|  0%| F|  |TAMS 0x0000000780a00000| PB 0x0000000780a00000| Untracked 
|1011|0x0000000780c00000, 0x0000000780c00000, 0x0000000780e00000|  0%| F|  |TAMS 0x0000000780c00000| PB 0x0000000780c00000| Untracked 
|1012|0x0000000780e00000, 0x0000000780e00000, 0x0000000781000000|  0%| F|  |TAMS 0x0000000780e00000| PB 0x0000000780e00000| Untracked 
|1013|0x0000000781000000, 0x0000000781000000, 0x0000000781200000|  0%| F|  |TAMS 0x0000000781000000| PB 0x0000000781000000| Untracked 
|1014|0x0000000781200000, 0x0000000781200000, 0x0000000781400000|  0%| F|  |TAMS 0x0000000781200000| PB 0x0000000781200000| Untracked 
|1015|0x0000000781400000, 0x0000000781400000, 0x0000000781600000|  0%| F|  |TAMS 0x0000000781400000| PB 0x0000000781400000| Untracked 
|1016|0x0000000781600000, 0x0000000781600000, 0x0000000781800000|  0%| F|  |TAMS 0x0000000781600000| PB 0x0000000781600000| Untracked 
|1017|0x0000000781800000, 0x0000000781800000, 0x0000000781a00000|  0%| F|  |TAMS 0x0000000781800000| PB 0x0000000781800000| Untracked 
|1018|0x0000000781a00000, 0x0000000781a00000, 0x0000000781c00000|  0%| F|  |TAMS 0x0000000781a00000| PB 0x0000000781a00000| Untracked 
|1019|0x0000000781c00000, 0x0000000781c00000, 0x0000000781e00000|  0%| F|  |TAMS 0x0000000781c00000| PB 0x0000000781c00000| Untracked 
|1020|0x0000000781e00000, 0x0000000781e00000, 0x0000000782000000|  0%| F|  |TAMS 0x0000000781e00000| PB 0x0000000781e00000| Untracked 
|1021|0x0000000782000000, 0x0000000782000000, 0x0000000782200000|  0%| F|  |TAMS 0x0000000782000000| PB 0x0000000782000000| Untracked 
|1022|0x0000000782200000, 0x0000000782200000, 0x0000000782400000|  0%| F|  |TAMS 0x0000000782200000| PB 0x0000000782200000| Untracked 
|1023|0x0000000782400000, 0x0000000782400000, 0x0000000782600000|  0%| F|  |TAMS 0x0000000782400000| PB 0x0000000782400000| Untracked 
|1024|0x0000000782600000, 0x0000000782600000, 0x0000000782800000|  0%| F|  |TAMS 0x0000000782600000| PB 0x0000000782600000| Untracked 
|1025|0x0000000782800000, 0x0000000782800000, 0x0000000782a00000|  0%| F|  |TAMS 0x0000000782800000| PB 0x0000000782800000| Untracked 
|1026|0x0000000782a00000, 0x0000000782a00000, 0x0000000782c00000|  0%| F|  |TAMS 0x0000000782a00000| PB 0x0000000782a00000| Untracked 
|1027|0x0000000782c00000, 0x0000000782ce1010, 0x0000000782e00000| 43%| E|  |TAMS 0x0000000782c00000| PB 0x0000000782c00000| Complete 
|1028|0x0000000782e00000, 0x0000000782fc2020, 0x0000000783000000| 87%| E|  |TAMS 0x0000000782e00000| PB 0x0000000782e00000| Complete 
|1029|0x0000000783000000, 0x0000000783200000, 0x0000000783200000|100%| E|CS|TAMS 0x0000000783000000| PB 0x0000000783000000| Complete 
|1030|0x0000000783200000, 0x0000000783400000, 0x0000000783400000|100%| E|CS|TAMS 0x0000000783200000| PB 0x0000000783200000| Complete 
|1031|0x0000000783400000, 0x0000000783600000, 0x0000000783600000|100%| E|CS|TAMS 0x0000000783400000| PB 0x0000000783400000| Complete 
|1032|0x0000000783600000, 0x0000000783800000, 0x0000000783800000|100%| E|CS|TAMS 0x0000000783600000| PB 0x0000000783600000| Complete 
|1033|0x0000000783800000, 0x0000000783a00000, 0x0000000783a00000|100%| E|CS|TAMS 0x0000000783800000| PB 0x0000000783800000| Complete 
|1034|0x0000000783a00000, 0x0000000783c00000, 0x0000000783c00000|100%| E|CS|TAMS 0x0000000783a00000| PB 0x0000000783a00000| Complete 
|1035|0x0000000783c00000, 0x0000000783e00000, 0x0000000783e00000|100%| E|CS|TAMS 0x0000000783c00000| PB 0x0000000783c00000| Complete 
|1036|0x0000000783e00000, 0x0000000784000000, 0x0000000784000000|100%| E|CS|TAMS 0x0000000783e00000| PB 0x0000000783e00000| Complete 
|1037|0x0000000784000000, 0x0000000784200000, 0x0000000784200000|100%| E|CS|TAMS 0x0000000784000000| PB 0x0000000784000000| Complete 
|1038|0x0000000784200000, 0x0000000784400000, 0x0000000784400000|100%| E|CS|TAMS 0x0000000784200000| PB 0x0000000784200000| Complete 
|1039|0x0000000784400000, 0x0000000784600000, 0x0000000784600000|100%| E|CS|TAMS 0x0000000784400000| PB 0x0000000784400000| Complete 
|1040|0x0000000784600000, 0x0000000784800000, 0x0000000784800000|100%| E|CS|TAMS 0x0000000784600000| PB 0x0000000784600000| Complete 

Card table byte_map: [0x000002b3b9290000,0x000002b3b9a80000] _byte_map_base: 0x000002b3b5a7d000

Marking Bits: (CMBitMap*) 0x000002b39fa6ef40
 Bits: [0x000002b3b9a80000, 0x000002b3bd9e8000)

Polling page: 0x000002b3a9440000

Metaspace:

Usage:
  Non-class:     14.35 MB used.
      Class:      2.11 MB used.
       Both:     16.46 MB used.

Virtual space:
  Non-class space:       64.00 MB reserved,      14.56 MB ( 23%) committed,  1 nodes.
      Class space:        1.00 GB reserved,       2.25 MB ( <1%) committed,  1 nodes.
             Both:        1.06 GB reserved,      16.81 MB (  2%) committed. 

Chunk freelists:
   Non-Class:  928.00 KB
       Class:  13.64 MB
        Both:  14.55 MB

MaxMetaspaceSize: unlimited
CompressedClassSpaceSize: 1.00 GB
Initial GC threshold: 21.00 MB
Current GC threshold: 21.00 MB
CDS: on
 - commit_granule_bytes: 65536.
 - commit_granule_words: 8192.
 - virtual_space_node_default_size: 8388608.
 - enlarge_chunks_in_place: 1.
 - use_allocation_guard: 0.


Internal statistics:

num_allocs_failed_limit: 0.
num_arena_births: 368.
num_arena_deaths: 0.
num_vsnodes_births: 2.
num_vsnodes_deaths: 0.
num_space_committed: 269.
num_space_uncommitted: 0.
num_chunks_returned_to_freelist: 0.
num_chunks_taken_from_freelist: 825.
num_chunk_merges: 0.
num_chunk_splits: 560.
num_chunks_enlarged: 398.
num_inconsistent_stats: 0.

CodeHeap 'non-profiled nmethods': size=120000Kb used=1000Kb max_used=1000Kb free=118999Kb
 bounds [0x000002b3b0f30000, 0x000002b3b11a0000, 0x000002b3b8460000]
CodeHeap 'profiled nmethods': size=120000Kb used=4294Kb max_used=4294Kb free=115705Kb
 bounds [0x000002b3a9460000, 0x000002b3a98a0000, 0x000002b3b0990000]
CodeHeap 'non-nmethods': size=5760Kb used=1941Kb max_used=1960Kb free=3818Kb
 bounds [0x000002b3b0990000, 0x000002b3b0c00000, 0x000002b3b0f30000]
 total_blobs=3468 nmethods=2539 adapters=833
 compilation: enabled
              stopped_count=0, restarted_count=0
 full_count=0

Compilation events (20 events):
Event: 29.629 Thread 0x000002b3c01e0490 nmethod 2526 0x000002b3a9888990 code [0x000002b3a9888cc0, 0x000002b3a988a0d0]
Event: 29.629 Thread 0x000002b3c01e0490 2527       3       sun.nio.cs.StreamEncoder::lockedFlushBuffer (25 bytes)
Event: 29.630 Thread 0x000002b3c01e0490 nmethod 2527 0x000002b3a988a810 code [0x000002b3a988a9e0, 0x000002b3a988ada0]
Event: 29.630 Thread 0x000002b3c01e0490 2528       3       sun.nio.cs.StreamEncoder::isOpen (13 bytes)
Event: 29.630 Thread 0x000002b3c01e0490 nmethod 2528 0x000002b3a988af10 code [0x000002b3a988b0a0, 0x000002b3a988b208]
Event: 29.631 Thread 0x000002b3bfd3aed0 nmethod 2519 0x000002b3b1029a90 code [0x000002b3b1029c20, 0x000002b3b1029ea8]
Event: 29.631 Thread 0x000002b3bfd3aed0 2523       4       java.io.OutputStream::flush (1 bytes)
Event: 29.631 Thread 0x000002b3bfd3aed0 nmethod 2523 0x000002b3b1029f90 code [0x000002b3b102a100, 0x000002b3b102a188]
Event: 29.781 Thread 0x000002b3c01e0490 2529   !   3       sun.java2d.Disposer::safeDispose (19 bytes)
Event: 29.781 Thread 0x000002b3c01e0490 nmethod 2529 0x000002b3a988b290 code [0x000002b3a988b460, 0x000002b3a988b6f0]
Event: 29.781 Thread 0x000002b3c01e0490 2530       3       sun.java2d.DefaultDisposerRecord::dispose (12 bytes)
Event: 29.781 Thread 0x000002b3c01e0490 nmethod 2530 0x000002b3a988b890 code [0x000002b3a988ba40, 0x000002b3a988bb88]
Event: 29.781 Thread 0x000002b3c01e0490 2531       3       sun.java2d.Disposer::clearDeferredRecords (31 bytes)
Event: 29.782 Thread 0x000002b3c01e0490 nmethod 2531 0x000002b3a988bc10 code [0x000002b3a988be40, 0x000002b3a988c450]
Event: 29.782 Thread 0x000002b3c01e0490 2532       3       java.util.concurrent.ConcurrentLinkedDeque::isEmpty (13 bytes)
Event: 29.782 Thread 0x000002b3c01e0490 nmethod 2532 0x000002b3a988c710 code [0x000002b3a988c8c0, 0x000002b3a988ca58]
Event: 29.782 Thread 0x000002b3c01e0490 2533       3       java.util.concurrent.ConcurrentLinkedDeque::peekFirst (48 bytes)
Event: 29.782 Thread 0x000002b3c01e0490 nmethod 2533 0x000002b3a988cb10 code [0x000002b3a988cce0, 0x000002b3a988d088]
Event: 29.782 Thread 0x000002b3c01e0490 2534       3       java.util.concurrent.ConcurrentLinkedDeque::first (65 bytes)
Event: 29.783 Thread 0x000002b3c01e0490 nmethod 2534 0x000002b3a988d210 code [0x000002b3a988d3e0, 0x000002b3a988d868]

GC Heap History (20 events):
Event: 17.069 GC heap before
{Heap before GC invocations=6 (full 0):
 garbage-first heap   total 260096K, used 136393K [0x0000000702600000, 0x0000000800000000)
  region size 2048K, 12 young (24576K), 5 survivors (10240K)
 Metaspace       used 16704K, committed 17024K, reserved 1114112K
  class space    used 2162K, committed 2304K, reserved 1048576K
}
Event: 17.076 GC heap after
{Heap after GC invocations=7 (full 0):
 garbage-first heap   total 260096K, used 123154K [0x0000000702600000, 0x0000000800000000)
  region size 2048K, 5 young (10240K), 5 survivors (10240K)
 Metaspace       used 16704K, committed 17024K, reserved 1114112K
  class space    used 2162K, committed 2304K, reserved 1048576K
}
Event: 17.081 GC heap before
{Heap before GC invocations=7 (full 0):
 garbage-first heap   total 260096K, used 125202K [0x0000000702600000, 0x0000000800000000)
  region size 2048K, 7 young (14336K), 5 survivors (10240K)
 Metaspace       used 16704K, committed 17024K, reserved 1114112K
  class space    used 2162K, committed 2304K, reserved 1048576K
}
Event: 17.089 GC heap after
{Heap after GC invocations=8 (full 0):
 garbage-first heap   total 780288K, used 113826K [0x0000000702600000, 0x0000000800000000)
  region size 2048K, 5 young (10240K), 5 survivors (10240K)
 Metaspace       used 16704K, committed 17024K, reserved 1114112K
  class space    used 2162K, committed 2304K, reserved 1048576K
}
Event: 19.043 GC heap before
{Heap before GC invocations=8 (full 0):
 garbage-first heap   total 780288K, used 480418K [0x0000000702600000, 0x0000000800000000)
  region size 2048K, 66 young (135168K), 5 survivors (10240K)
 Metaspace       used 16713K, committed 17088K, reserved 1114112K
  class space    used 2162K, committed 2304K, reserved 1048576K
}
Event: 19.052 GC heap after
{Heap after GC invocations=9 (full 0):
 garbage-first heap   total 780288K, used 357427K [0x0000000702600000, 0x0000000800000000)
  region size 2048K, 5 young (10240K), 5 survivors (10240K)
 Metaspace       used 16713K, committed 17088K, reserved 1114112K
  class space    used 2162K, committed 2304K, reserved 1048576K
}
Event: 19.054 GC heap before
{Heap before GC invocations=9 (full 0):
 garbage-first heap   total 780288K, used 361523K [0x0000000702600000, 0x0000000800000000)
  region size 2048K, 7 young (14336K), 5 survivors (10240K)
 Metaspace       used 16713K, committed 17088K, reserved 1114112K
  class space    used 2162K, committed 2304K, reserved 1048576K
}
Event: 19.061 GC heap after
{Heap after GC invocations=10 (full 0):
 garbage-first heap   total 780288K, used 236628K [0x0000000702600000, 0x0000000800000000)
  region size 2048K, 5 young (10240K), 5 survivors (10240K)
 Metaspace       used 16713K, committed 17088K, reserved 1114112K
  class space    used 2162K, committed 2304K, reserved 1048576K
}
Event: 20.061 GC heap before
{Heap before GC invocations=10 (full 0):
 garbage-first heap   total 780288K, used 416852K [0x0000000702600000, 0x0000000800000000)
  region size 2048K, 35 young (71680K), 5 survivors (10240K)
 Metaspace       used 16729K, committed 17088K, reserved 1114112K
  class space    used 2162K, committed 2304K, reserved 1048576K
}
Event: 20.068 GC heap after
{Heap after GC invocations=11 (full 0):
 garbage-first heap   total 780288K, used 358959K [0x0000000702600000, 0x0000000800000000)
  region size 2048K, 5 young (10240K), 5 survivors (10240K)
 Metaspace       used 16729K, committed 17088K, reserved 1114112K
  class space    used 2162K, committed 2304K, reserved 1048576K
}
Event: 20.073 GC heap before
{Heap before GC invocations=11 (full 0):
 garbage-first heap   total 780288K, used 361007K [0x0000000702600000, 0x0000000800000000)
  region size 2048K, 7 young (14336K), 5 survivors (10240K)
 Metaspace       used 16731K, committed 17088K, reserved 1114112K
  class space    used 2162K, committed 2304K, reserved 1048576K
}
Event: 20.080 GC heap after
{Heap after GC invocations=12 (full 0):
 garbage-first heap   total 780288K, used 300163K [0x0000000702600000, 0x0000000800000000)
  region size 2048K, 5 young (10240K), 5 survivors (10240K)
 Metaspace       used 16731K, committed 17088K, reserved 1114112K
  class space    used 2162K, committed 2304K, reserved 1048576K
}
Event: 20.546 GC heap before
{Heap before GC invocations=12 (full 0):
 garbage-first heap   total 780288K, used 386179K [0x0000000702600000, 0x0000000800000000)
  region size 2048K, 20 young (40960K), 5 survivors (10240K)
 Metaspace       used 16734K, committed 17088K, reserved 1114112K
  class space    used 2162K, committed 2304K, reserved 1048576K
}
Event: 20.554 GC heap after
{Heap after GC invocations=13 (full 0):
 garbage-first heap   total 780288K, used 357161K [0x0000000702600000, 0x0000000800000000)
  region size 2048K, 5 young (10240K), 5 survivors (10240K)
 Metaspace       used 16734K, committed 17088K, reserved 1114112K
  class space    used 2162K, committed 2304K, reserved 1048576K
}
Event: 20.606 GC heap before
{Heap before GC invocations=13 (full 0):
 garbage-first heap   total 780288K, used 359209K [0x0000000702600000, 0x0000000800000000)
  region size 2048K, 7 young (14336K), 5 survivors (10240K)
 Metaspace       used 16734K, committed 17088K, reserved 1114112K
  class space    used 2162K, committed 2304K, reserved 1048576K
}
Event: 20.614 GC heap after
{Heap after GC invocations=14 (full 0):
 garbage-first heap   total 780288K, used 331176K [0x0000000702600000, 0x0000000800000000)
  region size 2048K, 5 young (10240K), 5 survivors (10240K)
 Metaspace       used 16734K, committed 17088K, reserved 1114112K
  class space    used 2162K, committed 2304K, reserved 1048576K
}
Event: 20.846 GC heap before
{Heap before GC invocations=14 (full 0):
 garbage-first heap   total 780288K, used 372136K [0x0000000702600000, 0x0000000800000000)
  region size 2048K, 13 young (26624K), 5 survivors (10240K)
 Metaspace       used 16734K, committed 17088K, reserved 1114112K
  class space    used 2162K, committed 2304K, reserved 1048576K
}
Event: 20.937 GC heap after
{Heap after GC invocations=15 (full 0):
 garbage-first heap   total 2131968K, used 357155K [0x0000000702600000, 0x0000000800000000)
  region size 2048K, 5 young (10240K), 5 survivors (10240K)
 Metaspace       used 16734K, committed 17088K, reserved 1114112K
  class space    used 2162K, committed 2304K, reserved 1048576K
}
Event: 29.770 GC heap before
{Heap before GC invocations=15 (full 0):
 garbage-first heap   total 2131968K, used 1272611K [0x0000000702600000, 0x0000000800000000)
  region size 2048K, 156 young (319488K), 5 survivors (10240K)
 Metaspace       used 16847K, committed 17216K, reserved 1114112K
  class space    used 2163K, committed 2304K, reserved 1048576K
}
Event: 29.780 GC heap after
{Heap after GC invocations=16 (full 0):
 garbage-first heap   total 2131968K, used 793100K [0x0000000702600000, 0x0000000800000000)
  region size 2048K, 4 young (8192K), 4 survivors (8192K)
 Metaspace       used 16847K, committed 17216K, reserved 1114112K
  class space    used 2163K, committed 2304K, reserved 1048576K
}

Dll operation events (20 events):
Event: 0.655 Loaded shared library C:\Users\HP 840 G5\.openjfx\cache\21.0.6+3\amd64\api-ms-win-crt-multibyte-l1-1-0.dll
Event: 0.667 Loaded shared library C:\Users\HP 840 G5\.openjfx\cache\21.0.6+3\amd64\api-ms-win-crt-private-l1-1-0.dll
Event: 0.671 Loaded shared library C:\Users\HP 840 G5\.openjfx\cache\21.0.6+3\amd64\api-ms-win-crt-process-l1-1-0.dll
Event: 0.675 Loaded shared library C:\Users\HP 840 G5\.openjfx\cache\21.0.6+3\amd64\api-ms-win-crt-runtime-l1-1-0.dll
Event: 0.680 Loaded shared library C:\Users\HP 840 G5\.openjfx\cache\21.0.6+3\amd64\api-ms-win-crt-stdio-l1-1-0.dll
Event: 0.684 Loaded shared library C:\Users\HP 840 G5\.openjfx\cache\21.0.6+3\amd64\api-ms-win-crt-string-l1-1-0.dll
Event: 0.687 Loaded shared library C:\Users\HP 840 G5\.openjfx\cache\21.0.6+3\amd64\api-ms-win-crt-time-l1-1-0.dll
Event: 0.691 Loaded shared library C:\Users\HP 840 G5\.openjfx\cache\21.0.6+3\amd64\api-ms-win-crt-utility-l1-1-0.dll
Event: 0.712 Loaded shared library C:\Users\HP 840 G5\.openjfx\cache\21.0.6+3\amd64\ucrtbase.dll
Event: 0.719 Loaded shared library C:\Users\HP 840 G5\.openjfx\cache\21.0.6+3\amd64\vcruntime140.dll
Event: 0.723 Loaded shared library C:\Users\HP 840 G5\.openjfx\cache\21.0.6+3\amd64\vcruntime140_1.dll
Event: 0.735 Loaded shared library C:\Users\HP 840 G5\.openjfx\cache\21.0.6+3\amd64\msvcp140.dll
Event: 0.740 Loaded shared library C:\Users\HP 840 G5\.openjfx\cache\21.0.6+3\amd64\msvcp140_1.dll
Event: 0.751 Loaded shared library C:\Users\HP 840 G5\.openjfx\cache\21.0.6+3\amd64\msvcp140_2.dll
Event: 0.820 Loaded shared library C:\Users\HP 840 G5\.openjfx\cache\21.0.6+3\amd64\prism_d3d.dll
Event: 0.883 Loaded shared library C:\Users\HP 840 G5\.openjfx\cache\21.0.6+3\amd64\glass.dll
Event: 1.064 Loaded shared library C:\Program Files\Java\jdk-21\bin\jimage.dll
Event: 2.323 Loaded shared library C:\Users\HP 840 G5\AppData\Local\Temp\opencv_openpnp16077947267082162015\nu\pattern\opencv\windows\x86_64\opencv_java470.dll
Event: 2.425 Loaded shared library C:\Users\HP 840 G5\.openjfx\cache\21.0.6+3\amd64\javafx_font.dll
Event: 15.385 Loaded shared library C:\Program Files\Java\jdk-21\bin\awt.dll

Deoptimization events (20 events):
Event: 2.969 Thread 0x000002b3c0c1cd40 DEOPT PACKING pc=0x000002b3b0f95fa0 sp=0x000000f64a9fca40
Event: 2.969 Thread 0x000002b3c0c1cd40 DEOPT UNPACKING pc=0x000002b3b09e46a2 sp=0x000000f64a9fc9b0 mode 2
Event: 3.249 Thread 0x000002b3c0c1cd40 Uncommon trap: trap_request=0xffffff45 fr.pc=0x000002b3b0fb9118 relative=0x00000000000001f8
Event: 3.249 Thread 0x000002b3c0c1cd40 Uncommon trap: reason=unstable_if action=reinterpret pc=0x000002b3b0fb9118 method=java.io.ByteArrayInputStream.read()I @ 8 c2
Event: 3.249 Thread 0x000002b3c0c1cd40 DEOPT PACKING pc=0x000002b3b0fb9118 sp=0x000000f64a9fc7f0
Event: 3.249 Thread 0x000002b3c0c1cd40 DEOPT UNPACKING pc=0x000002b3b09e46a2 sp=0x000000f64a9fc798 mode 2
Event: 15.626 Thread 0x000002b40ac87e60 DEOPT PACKING pc=0x000002b3a9820b86 sp=0x000000f64b6feb30
Event: 15.626 Thread 0x000002b40ac87e60 DEOPT UNPACKING pc=0x000002b3b09e4e42 sp=0x000000f64b6fdfd8 mode 0
Event: 15.628 Thread 0x000002b40ac87e60 Uncommon trap: trap_request=0xffffff45 fr.pc=0x000002b3b1010810 relative=0x0000000000001350
Event: 15.628 Thread 0x000002b40ac87e60 Uncommon trap: reason=unstable_if action=reinterpret pc=0x000002b3b1010810 method=com.sun.javafx.image.impl.IntTo4ByteSameConverter.doConvert([III[BIIII)V @ 29 c2
Event: 15.628 Thread 0x000002b40ac87e60 DEOPT PACKING pc=0x000002b3b1010810 sp=0x000000f64b6fe970
Event: 15.628 Thread 0x000002b40ac87e60 DEOPT UNPACKING pc=0x000002b3b09e46a2 sp=0x000000f64b6fead8 mode 2
Event: 15.804 Thread 0x000002b40ac87e60 Uncommon trap: trap_request=0xffffff6e fr.pc=0x000002b3b10120a0 relative=0x0000000000000fe0
Event: 15.804 Thread 0x000002b40ac87e60 Uncommon trap: reason=loop_limit_check action=maybe_recompile pc=0x000002b3b10120a0 method=com.sun.javafx.image.impl.IntTo4ByteSameConverter.doConvert([III[BIIII)V @ 19 c2
Event: 15.804 Thread 0x000002b40ac87e60 DEOPT PACKING pc=0x000002b3b10120a0 sp=0x000000f64b6fea60
Event: 15.804 Thread 0x000002b40ac87e60 DEOPT UNPACKING pc=0x000002b3b09e46a2 sp=0x000000f64b6feae0 mode 2
Event: 29.623 Thread 0x000002b3c0c1cd40 DEOPT PACKING pc=0x000002b3a984a88a sp=0x000000f64a9fe150
Event: 29.623 Thread 0x000002b3c0c1cd40 DEOPT UNPACKING pc=0x000002b3b09e4e42 sp=0x000000f64a9fd5c0 mode 0
Event: 29.628 Thread 0x000002b3c0c1cd40 DEOPT PACKING pc=0x000002b3a984a88a sp=0x000000f64a9fe150
Event: 29.628 Thread 0x000002b3c0c1cd40 DEOPT UNPACKING pc=0x000002b3b09e4e42 sp=0x000000f64a9fd5c0 mode 0

Classes loaded (20 events):
Event: 15.468 Loading class sun/java2d/loops/DrawGlyphListColor$General
Event: 15.468 Loading class sun/java2d/loops/DrawGlyphListColor$General done
Event: 15.469 Loading class sun/java2d/loops/Blit$GeneralMaskBlit
Event: 15.469 Loading class sun/java2d/loops/Blit$GeneralMaskBlit done
Event: 15.469 Loading class sun/awt/image/BufferedImageGraphicsConfig
Event: 15.469 Loading class java/awt/GraphicsConfiguration
Event: 15.470 Loading class java/awt/GraphicsConfiguration done
Event: 15.470 Loading class sun/awt/image/BufferedImageGraphicsConfig done
Event: 15.470 Loading class sun/awt/image/BufferedImageDevice
Event: 15.470 Loading class java/awt/GraphicsDevice
Event: 15.470 Loading class java/awt/GraphicsDevice done
Event: 15.470 Loading class sun/awt/image/BufferedImageDevice done
Event: 15.470 Loading class java/awt/image/MultiResolutionImage
Event: 15.470 Loading class java/awt/image/MultiResolutionImage done
Event: 15.471 Loading class sun/awt/image/ToolkitImage
Event: 15.471 Loading class sun/awt/image/ToolkitImage done
Event: 22.479 Loading class java/lang/Throwable$WrappedPrintStream
Event: 22.479 Loading class java/lang/Throwable$PrintStreamOrWriter
Event: 22.479 Loading class java/lang/Throwable$PrintStreamOrWriter done
Event: 22.479 Loading class java/lang/Throwable$WrappedPrintStream done

Classes unloaded (0 events):
No events

Classes redefined (0 events):
No events

Internal exceptions (20 events):
Event: 22.514 Thread 0x000002b3c0c1cd40 Exception <a 'java/lang/NullPointerException'{0x000000077e037c98}> (0x000000077e037c98) 
thrown [s\open\src\hotspot\share\interpreter\linkResolver.cpp, line 1372]
Event: 22.515 Thread 0x000002b3c0c1cd40 Exception <a 'java/lang/NullPointerException'{0x000000077e039b40}> (0x000000077e039b40) 
thrown [s\open\src\hotspot\share\interpreter\linkResolver.cpp, line 1372]
Event: 22.515 Thread 0x000002b3c0c1cd40 Exception <a 'java/lang/NullPointerException'{0x000000077e03b9e8}> (0x000000077e03b9e8) 
thrown [s\open\src\hotspot\share\interpreter\linkResolver.cpp, line 1372]
Event: 22.515 Thread 0x000002b3c0c1cd40 Exception <a 'java/lang/NullPointerException'{0x000000077e03d890}> (0x000000077e03d890) 
thrown [s\open\src\hotspot\share\interpreter\linkResolver.cpp, line 1372]
Event: 22.516 Thread 0x000002b3c0c1cd40 Exception <a 'java/lang/NullPointerException'{0x000000077e03f738}> (0x000000077e03f738) 
thrown [s\open\src\hotspot\share\interpreter\linkResolver.cpp, line 1372]
Event: 25.604 Thread 0x000002b40ac87e60 Exception <a 'java/lang/Exception'{0x00000007807f3a10}: unknown exception> (0x00000007807f3a10) 
thrown [s\open\src\hotspot\share\prims\jni.cpp, line 539]
Event: 25.649 Thread 0x000002b40ac89210 Exception <a 'java/lang/Exception'{0x0000000775fce4f8}: unknown exception> (0x0000000775fce4f8) 
thrown [s\open\src\hotspot\share\prims\jni.cpp, line 539]
Event: 29.622 Thread 0x000002b3c0c1cd40 Exception <a 'java/lang/NullPointerException'{0x000000077e0423b8}> (0x000000077e0423b8) 
thrown [s\open\src\hotspot\share\interpreter\linkResolver.cpp, line 1372]
Event: 29.622 Thread 0x000002b3c0c1cd40 Exception <a 'java/lang/NullPointerException'{0x000000077e044260}> (0x000000077e044260) 
thrown [s\open\src\hotspot\share\interpreter\linkResolver.cpp, line 1372]
Event: 29.623 Thread 0x000002b3c0c1cd40 Exception <a 'java/lang/NullPointerException'{0x000000077e046108}> (0x000000077e046108) 
thrown [s\open\src\hotspot\share\interpreter\linkResolver.cpp, line 1372]
Event: 29.623 Thread 0x000002b3c0c1cd40 Exception <a 'java/lang/NullPointerException'{0x000000077e047fb0}> (0x000000077e047fb0) 
thrown [s\open\src\hotspot\share\interpreter\linkResolver.cpp, line 1372]
Event: 29.623 Thread 0x000002b3c0c1cd40 Exception <a 'java/lang/NullPointerException'{0x000000077e049e58}> (0x000000077e049e58) 
thrown [s\open\src\hotspot\share\interpreter\linkResolver.cpp, line 1372]
Event: 29.626 Thread 0x000002b3c0c1cd40 Exception <a 'java/lang/NullPointerException'{0x000000077e04cbb0}> (0x000000077e04cbb0) 
thrown [s\open\src\hotspot\share\interpreter\linkResolver.cpp, line 1372]
Event: 29.626 Thread 0x000002b3c0c1cd40 Exception <a 'java/lang/NullPointerException'{0x000000077e04ea58}> (0x000000077e04ea58) 
thrown [s\open\src\hotspot\share\interpreter\linkResolver.cpp, line 1372]
Event: 29.626 Thread 0x000002b3c0c1cd40 Exception <a 'java/lang/NullPointerException'{0x000000077e050900}> (0x000000077e050900) 
thrown [s\open\src\hotspot\share\interpreter\linkResolver.cpp, line 1372]
Event: 29.626 Thread 0x000002b3c0c1cd40 Exception <a 'java/lang/NullPointerException'{0x000000077e0527a8}> (0x000000077e0527a8) 
thrown [s\open\src\hotspot\share\interpreter\linkResolver.cpp, line 1372]
Event: 29.627 Thread 0x000002b3c0c1cd40 Exception <a 'java/lang/NullPointerException'{0x000000077e054650}> (0x000000077e054650) 
thrown [s\open\src\hotspot\share\interpreter\linkResolver.cpp, line 1372]
Event: 29.627 Thread 0x000002b3c0c1cd40 Exception <a 'java/lang/NullPointerException'{0x000000077e0564f8}> (0x000000077e0564f8) 
thrown [s\open\src\hotspot\share\interpreter\linkResolver.cpp, line 1372]
Event: 29.628 Thread 0x000002b3c0c1cd40 Exception <a 'java/lang/NullPointerException'{0x000000077e0583a0}> (0x000000077e0583a0) 
thrown [s\open\src\hotspot\share\interpreter\linkResolver.cpp, line 1372]
Event: 29.629 Thread 0x000002b3c0c1cd40 Exception <a 'java/lang/NullPointerException'{0x000000077e05a248}> (0x000000077e05a248) 
thrown [s\open\src\hotspot\share\interpreter\linkResolver.cpp, line 1372]

ZGC Phase Switch (0 events):
No events

VM Operations (20 events):
Event: 19.054 Executing VM operation: G1TryInitiateConcMark (G1 Humongous Allocation)
Event: 19.061 Executing VM operation: G1TryInitiateConcMark (G1 Humongous Allocation) done
Event: 20.061 Executing VM operation: G1TryInitiateConcMark (G1 Humongous Allocation)
Event: 20.068 Executing VM operation: G1TryInitiateConcMark (G1 Humongous Allocation) done
Event: 20.073 Executing VM operation: G1TryInitiateConcMark (G1 Humongous Allocation)
Event: 20.080 Executing VM operation: G1TryInitiateConcMark (G1 Humongous Allocation) done
Event: 20.546 Executing VM operation: G1TryInitiateConcMark (G1 Humongous Allocation)
Event: 20.554 Executing VM operation: G1TryInitiateConcMark (G1 Humongous Allocation) done
Event: 20.606 Executing VM operation: G1TryInitiateConcMark (G1 Humongous Allocation)
Event: 20.614 Executing VM operation: G1TryInitiateConcMark (G1 Humongous Allocation) done
Event: 20.846 Executing VM operation: G1TryInitiateConcMark (G1 Humongous Allocation)
Event: 20.938 Executing VM operation: G1TryInitiateConcMark (G1 Humongous Allocation) done
Event: 22.938 Executing VM operation: Cleanup
Event: 22.938 Executing VM operation: Cleanup done
Event: 23.938 Executing VM operation: Cleanup
Event: 23.938 Executing VM operation: Cleanup done
Event: 25.939 Executing VM operation: Cleanup
Event: 25.939 Executing VM operation: Cleanup done
Event: 29.770 Executing VM operation: G1TryInitiateConcMark (G1 Humongous Allocation)
Event: 29.780 Executing VM operation: G1TryInitiateConcMark (G1 Humongous Allocation) done

Events (20 events):
Event: 0.202 Thread 0x000002b3c02f77a0 Thread added: 0x000002b3c02f77a0
Event: 0.340 Thread 0x000002b3c0a2d010 Thread added: 0x000002b3c0a2d010
Event: 0.340 Thread 0x000002b3c0a2d670 Thread added: 0x000002b3c0a2d670
Event: 0.807 Thread 0x000002b3c0a80b90 Thread added: 0x000002b3c0a80b90
Event: 0.841 Thread 0x000002b3c02f77a0 Thread exited: 0x000002b3c02f77a0
Event: 0.890 Thread 0x000002b3c0c16440 Thread added: 0x000002b3c0c16440
Event: 0.898 Thread 0x000002b3c0c1cd40 Thread added: 0x000002b3c0c1cd40
Event: 1.016 Thread 0x000002b3c0d28bd0 Thread added: 0x000002b3c0d28bd0
Event: 1.027 Thread 0x000002b3c0d88ad0 Thread added: 0x000002b3c0d88ad0
Event: 1.205 Thread 0x000002b40a8cb100 Thread added: 0x000002b40a8cb100
Event: 1.408 Thread 0x000002b40a8cb100 Thread exited: 0x000002b40a8cb100
Event: 2.459 Thread 0x000002b40a9dfc00 Thread added: 0x000002b40a9dfc00
Event: 2.895 Thread 0x000002b40a9dfc00 Thread exited: 0x000002b40a9dfc00
Event: 3.205 Thread 0x000002b40ab28500 Thread added: 0x000002b40ab28500
Event: 14.746 Thread 0x000002b40ac87e60 Thread added: 0x000002b40ac87e60
Event: 15.446 Thread 0x000002b40ac884f0 Thread added: 0x000002b40ac884f0
Event: 22.477 Thread 0x000002b40ac89210 Thread added: 0x000002b40ac89210
Event: 25.604 Thread 0x000002b40ac87e60 Thread exited: 0x000002b40ac87e60
Event: 25.650 Thread 0x000002b40ac89210 Thread exited: 0x000002b40ac89210
Event: 29.621 Thread 0x000002b40ac87e60 Thread added: 0x000002b40ac87e60


Dynamic libraries:
0x00007ff77aff0000 - 0x00007ff77b000000 	C:\Program Files\Java\jdk-21\bin\java.exe
0x00007fff49e00000 - 0x00007fff4a067000 	C:\Windows\SYSTEM32\ntdll.dll
0x00007fff47e70000 - 0x00007fff47f39000 	C:\Windows\System32\KERNEL32.DLL
0x00007fff46770000 - 0x00007fff46b61000 	C:\Windows\System32\KERNELBASE.dll
0x00007fff47830000 - 0x00007fff4797b000 	C:\Windows\System32\ucrtbase.dll
0x00007fff32720000 - 0x00007fff32739000 	C:\Program Files\Java\jdk-21\bin\jli.dll
0x00007fff48bd0000 - 0x00007fff48c8b000 	C:\Windows\System32\ADVAPI32.dll
0x00007fff493d0000 - 0x00007fff49479000 	C:\Windows\System32\msvcrt.dll
0x00007fff49af0000 - 0x00007fff49b97000 	C:\Windows\System32\sechost.dll
0x00007fff49ba0000 - 0x00007fff49cb8000 	C:\Windows\System32\RPCRT4.dll
0x00007fff48ca0000 - 0x00007fff48e65000 	C:\Windows\System32\USER32.dll
0x00007fff47ab0000 - 0x00007fff47ad7000 	C:\Windows\System32\win32u.dll
0x00007fff49d90000 - 0x00007fff49dbb000 	C:\Windows\System32\GDI32.dll
0x00007fff47980000 - 0x00007fff47aaa000 	C:\Windows\System32\gdi32full.dll
0x00007fff47600000 - 0x00007fff476a3000 	C:\Windows\System32\msvcp_win.dll
0x00007fff32410000 - 0x00007fff3242b000 	C:\Program Files\Java\jdk-21\bin\VCRUNTIME140.dll
0x00007fff30110000 - 0x00007fff303a3000 	C:\Windows\WinSxS\amd64_microsoft.windows.common-controls_6595b64144ccf1df_6.0.26100.7922_none_3e089e1ee3342171\COMCTL32.dll
0x00007fff35390000 - 0x00007fff3539b000 	C:\Windows\SYSTEM32\VERSION.dll
0x00007fff489b0000 - 0x00007fff489e1000 	C:\Windows\System32\IMM32.DLL
0x00007fff36b60000 - 0x00007fff36b6c000 	C:\Program Files\Java\jdk-21\bin\vcruntime140_1.dll
0x00007fff1d3a0000 - 0x00007fff1d42e000 	C:\Program Files\Java\jdk-21\bin\msvcp140.dll
0x00007ffeb4d60000 - 0x00007ffeb5a78000 	C:\Program Files\Java\jdk-21\bin\server\jvm.dll
0x00007fff47ce0000 - 0x00007fff47d54000 	C:\Windows\System32\WS2_32.dll
0x00007fff46540000 - 0x00007fff4659e000 	C:\Windows\SYSTEM32\POWRPROF.dll
0x00007fff26a90000 - 0x00007fff26ac5000 	C:\Windows\SYSTEM32\WINMM.dll
0x00007fff46520000 - 0x00007fff46534000 	C:\Windows\SYSTEM32\UMPDC.dll
0x00007fff45430000 - 0x00007fff4544b000 	C:\Windows\SYSTEM32\kernel.appcore.dll
0x00007fff35590000 - 0x00007fff3559a000 	C:\Program Files\Java\jdk-21\bin\jimage.dll
0x00007fff44600000 - 0x00007fff44842000 	C:\Windows\SYSTEM32\DBGHELP.DLL
0x00007fff48e70000 - 0x00007fff491f2000 	C:\Windows\System32\combase.dll
0x00007fff489f0000 - 0x00007fff48ac7000 	C:\Windows\System32\OLEAUT32.dll
0x00007fff25bc0000 - 0x00007fff25bfb000 	C:\Windows\SYSTEM32\dbgcore.DLL
0x00007fff46b70000 - 0x00007fff46c15000 	C:\Windows\System32\bcryptPrimitives.dll
0x00007fff36fe0000 - 0x00007fff36fef000 	C:\Program Files\Java\jdk-21\bin\instrument.dll
0x00007fff2df90000 - 0x00007fff2dfaf000 	C:\Program Files\Java\jdk-21\bin\java.dll
0x00007fff47f60000 - 0x00007fff486bf000 	C:\Windows\System32\SHELL32.dll
0x00007fff47490000 - 0x00007fff475fa000 	C:\Windows\System32\wintypes.dll
0x00007fff46c20000 - 0x00007fff47484000 	C:\Windows\System32\windows.storage.dll
0x00007fff486d0000 - 0x00007fff487c7000 	C:\Windows\System32\SHCORE.dll
0x00007fff49cc0000 - 0x00007fff49d27000 	C:\Windows\System32\shlwapi.dll
0x00007fff46600000 - 0x00007fff46629000 	C:\Windows\SYSTEM32\profapi.dll
0x00007fff0c200000 - 0x00007fff0c2d7000 	C:\Program Files\Java\jdk-21\bin\jsvml.dll
0x00007fff2f090000 - 0x00007fff2f0a0000 	C:\Program Files\Java\jdk-21\bin\net.dll
0x00007fff357e0000 - 0x00007fff35907000 	C:\Windows\SYSTEM32\WINHTTP.dll
0x00007fff45980000 - 0x00007fff459eb000 	C:\Windows\system32\mswsock.dll
0x00007fff2dae0000 - 0x00007fff2daf6000 	C:\Program Files\Java\jdk-21\bin\nio.dll
0x00007fff2d840000 - 0x00007fff2d858000 	C:\Program Files\Java\jdk-21\bin\zip.dll
0x000002b3c0dd0000 - 0x000002b3c0dd3000 	C:\Users\HP 840 G5\.openjfx\cache\21.0.6+3\amd64\api-ms-win-core-console-l1-1-0.dll
0x000002b3c0de0000 - 0x000002b3c0de3000 	C:\Users\HP 840 G5\.openjfx\cache\21.0.6+3\amd64\api-ms-win-core-console-l1-2-0.dll
0x000002b3c0df0000 - 0x000002b3c0df3000 	C:\Users\HP 840 G5\.openjfx\cache\21.0.6+3\amd64\api-ms-win-core-datetime-l1-1-0.dll
0x000002b3c0e00000 - 0x000002b3c0e03000 	C:\Users\HP 840 G5\.openjfx\cache\21.0.6+3\amd64\api-ms-win-core-debug-l1-1-0.dll
0x000002b3c0e10000 - 0x000002b3c0e13000 	C:\Users\HP 840 G5\.openjfx\cache\21.0.6+3\amd64\api-ms-win-core-errorhandling-l1-1-0.dll
0x000002b3c0e20000 - 0x000002b3c0e24000 	C:\Users\HP 840 G5\.openjfx\cache\21.0.6+3\amd64\api-ms-win-core-file-l1-1-0.dll
0x000002b3c0e30000 - 0x000002b3c0e33000 	C:\Users\HP 840 G5\.openjfx\cache\21.0.6+3\amd64\api-ms-win-core-file-l1-2-0.dll
0x000002b3c0e40000 - 0x000002b3c0e43000 	C:\Users\HP 840 G5\.openjfx\cache\21.0.6+3\amd64\api-ms-win-core-file-l2-1-0.dll
0x000002b3c0e50000 - 0x000002b3c0e53000 	C:\Users\HP 840 G5\.openjfx\cache\21.0.6+3\amd64\api-ms-win-core-handle-l1-1-0.dll
0x000002b3c0e60000 - 0x000002b3c0e63000 	C:\Users\HP 840 G5\.openjfx\cache\21.0.6+3\amd64\api-ms-win-core-heap-l1-1-0.dll
0x000002b3c0e70000 - 0x000002b3c0e73000 	C:\Users\HP 840 G5\.openjfx\cache\21.0.6+3\amd64\api-ms-win-core-interlocked-l1-1-0.dll
0x000002b3c0e80000 - 0x000002b3c0e83000 	C:\Users\HP 840 G5\.openjfx\cache\21.0.6+3\amd64\api-ms-win-core-libraryloader-l1-1-0.dll
0x000002b3c0e90000 - 0x000002b3c0e93000 	C:\Users\HP 840 G5\.openjfx\cache\21.0.6+3\amd64\api-ms-win-core-localization-l1-2-0.dll
0x000002b3c0ea0000 - 0x000002b3c0ea3000 	C:\Users\HP 840 G5\.openjfx\cache\21.0.6+3\amd64\api-ms-win-core-memory-l1-1-0.dll
0x000002b3c0eb0000 - 0x000002b3c0eb3000 	C:\Users\HP 840 G5\.openjfx\cache\21.0.6+3\amd64\api-ms-win-core-namedpipe-l1-1-0.dll
0x000002b3c0ec0000 - 0x000002b3c0ec3000 	C:\Users\HP 840 G5\.openjfx\cache\21.0.6+3\amd64\api-ms-win-core-processenvironment-l1-1-0.dll
0x000002b3c0ed0000 - 0x000002b3c0ed3000 	C:\Users\HP 840 G5\.openjfx\cache\21.0.6+3\amd64\api-ms-win-core-processthreads-l1-1-0.dll
0x000002b3c0ee0000 - 0x000002b3c0ee3000 	C:\Users\HP 840 G5\.openjfx\cache\21.0.6+3\amd64\api-ms-win-core-processthreads-l1-1-1.dll
0x000002b3c0ef0000 - 0x000002b3c0ef3000 	C:\Users\HP 840 G5\.openjfx\cache\21.0.6+3\amd64\api-ms-win-core-profile-l1-1-0.dll
0x000002b3c0f00000 - 0x000002b3c0f03000 	C:\Users\HP 840 G5\.openjfx\cache\21.0.6+3\amd64\api-ms-win-core-rtlsupport-l1-1-0.dll
0x000002b3c0f10000 - 0x000002b3c0f13000 	C:\Users\HP 840 G5\.openjfx\cache\21.0.6+3\amd64\api-ms-win-core-string-l1-1-0.dll
0x000002b3c0f20000 - 0x000002b3c0f23000 	C:\Users\HP 840 G5\.openjfx\cache\21.0.6+3\amd64\api-ms-win-core-synch-l1-1-0.dll
0x000002b3c0f30000 - 0x000002b3c0f33000 	C:\Users\HP 840 G5\.openjfx\cache\21.0.6+3\amd64\api-ms-win-core-synch-l1-2-0.dll
0x000002b3c0f40000 - 0x000002b3c0f43000 	C:\Users\HP 840 G5\.openjfx\cache\21.0.6+3\amd64\api-ms-win-core-sysinfo-l1-1-0.dll
0x000002b3c0f50000 - 0x000002b3c0f53000 	C:\Users\HP 840 G5\.openjfx\cache\21.0.6+3\amd64\api-ms-win-core-timezone-l1-1-0.dll
0x000002b3c0f60000 - 0x000002b3c0f63000 	C:\Users\HP 840 G5\.openjfx\cache\21.0.6+3\amd64\api-ms-win-core-util-l1-1-0.dll
0x000002b3c0f70000 - 0x000002b3c0f73000 	C:\Users\HP 840 G5\.openjfx\cache\21.0.6+3\amd64\api-ms-win-crt-conio-l1-1-0.dll
0x000002b3c0f80000 - 0x000002b3c0f84000 	C:\Users\HP 840 G5\.openjfx\cache\21.0.6+3\amd64\api-ms-win-crt-convert-l1-1-0.dll
0x000002b3c0f90000 - 0x000002b3c0f93000 	C:\Users\HP 840 G5\.openjfx\cache\21.0.6+3\amd64\api-ms-win-crt-environment-l1-1-0.dll
0x000002b3c0fa0000 - 0x000002b3c0fa3000 	C:\Users\HP 840 G5\.openjfx\cache\21.0.6+3\amd64\api-ms-win-crt-filesystem-l1-1-0.dll
0x000002b3c0fb0000 - 0x000002b3c0fb3000 	C:\Users\HP 840 G5\.openjfx\cache\21.0.6+3\amd64\api-ms-win-crt-heap-l1-1-0.dll
0x000002b3c0fc0000 - 0x000002b3c0fc3000 	C:\Users\HP 840 G5\.openjfx\cache\21.0.6+3\amd64\api-ms-win-crt-locale-l1-1-0.dll
0x000002b3c0fd0000 - 0x000002b3c0fd5000 	C:\Users\HP 840 G5\.openjfx\cache\21.0.6+3\amd64\api-ms-win-crt-math-l1-1-0.dll
0x000002b3c0fe0000 - 0x000002b3c0fe5000 	C:\Users\HP 840 G5\.openjfx\cache\21.0.6+3\amd64\api-ms-win-crt-multibyte-l1-1-0.dll
0x000002b3c0ff0000 - 0x000002b3c1000000 	C:\Users\HP 840 G5\.openjfx\cache\21.0.6+3\amd64\api-ms-win-crt-private-l1-1-0.dll
0x000002b406000000 - 0x000002b406003000 	C:\Users\HP 840 G5\.openjfx\cache\21.0.6+3\amd64\api-ms-win-crt-process-l1-1-0.dll
0x000002b406010000 - 0x000002b406014000 	C:\Users\HP 840 G5\.openjfx\cache\21.0.6+3\amd64\api-ms-win-crt-runtime-l1-1-0.dll
0x000002b406020000 - 0x000002b406024000 	C:\Users\HP 840 G5\.openjfx\cache\21.0.6+3\amd64\api-ms-win-crt-stdio-l1-1-0.dll
0x000002b406030000 - 0x000002b406034000 	C:\Users\HP 840 G5\.openjfx\cache\21.0.6+3\amd64\api-ms-win-crt-string-l1-1-0.dll
0x000002b406040000 - 0x000002b406043000 	C:\Users\HP 840 G5\.openjfx\cache\21.0.6+3\amd64\api-ms-win-crt-time-l1-1-0.dll
0x000002b406050000 - 0x000002b406053000 	C:\Users\HP 840 G5\.openjfx\cache\21.0.6+3\amd64\api-ms-win-crt-utility-l1-1-0.dll
0x00007ffee9640000 - 0x00007ffee973c000 	C:\Users\HP 840 G5\.openjfx\cache\21.0.6+3\amd64\ucrtbase.dll
0x00007fff36160000 - 0x00007fff3617b000 	C:\Users\HP 840 G5\.openjfx\cache\21.0.6+3\amd64\vcruntime140.dll
0x00007fff36fd0000 - 0x00007fff36fdc000 	C:\Users\HP 840 G5\.openjfx\cache\21.0.6+3\amd64\vcruntime140_1.dll
0x00007fff2f0b0000 - 0x00007fff2f13e000 	C:\Users\HP 840 G5\.openjfx\cache\21.0.6+3\amd64\msvcp140.dll
0x00007fff36fa0000 - 0x00007fff36fa9000 	C:\Users\HP 840 G5\.openjfx\cache\21.0.6+3\amd64\msvcp140_1.dll
0x00007fff35530000 - 0x00007fff35571000 	C:\Users\HP 840 G5\.openjfx\cache\21.0.6+3\amd64\msvcp140_2.dll
0x00007fff2d7b0000 - 0x00007fff2d7e0000 	C:\Users\HP 840 G5\.openjfx\cache\21.0.6+3\amd64\prism_d3d.dll
0x00007ffed79e0000 - 0x00007ffed7b92000 	C:\Windows\system32\d3d9.dll
0x00007fff43fb0000 - 0x00007fff43fde000 	C:\Windows\SYSTEM32\dwmapi.dll
0x00007fff43ff0000 - 0x00007fff44033000 	C:\Windows\SYSTEM32\dxcore.dll
0x00007fff43c30000 - 0x00007fff43cda000 	C:\Windows\system32\uxtheme.dll
0x00007ffed7830000 - 0x00007ffed79dd000 	C:\Windows\System32\DriverStore\FileRepository\iigd_dch.inf_amd64_4e41a1e74551d4db\igdumdim64.dll
0x00007fff49200000 - 0x00007fff49395000 	C:\Windows\System32\ole32.dll
0x00007ffed4780000 - 0x00007ffed7824000 	C:\Windows\System32\DriverStore\FileRepository\iigd_dch.inf_amd64_4e41a1e74551d4db\igd9dxva64.dll
0x00007fff49480000 - 0x00007fff49907000 	C:\Windows\System32\SETUPAPI.dll
0x00007fff46250000 - 0x00007fff462a7000 	C:\Windows\SYSTEM32\cfgmgr32.dll
0x00007fff3af90000 - 0x00007fff3b399000 	C:\Windows\System32\DriverStore\FileRepository\iigd_dch.inf_amd64_4e41a1e74551d4db\igdgmm64.dll
0x00007fff3c4b0000 - 0x00007fff3c510000 	C:\Windows\SYSTEM32\directxdatabasehelper.dll
0x00007fff0a990000 - 0x00007fff0a9d2000 	C:\Users\HP 840 G5\.openjfx\cache\21.0.6+3\amd64\glass.dll
0x00007fff48ad0000 - 0x00007fff48bbe000 	C:\Windows\System32\COMDLG32.dll
0x00007fff487d0000 - 0x00007fff4892d000 	C:\Windows\System32\MSCTF.dll
0x00007fff34080000 - 0x00007fff340a7000 	C:\Windows\System32\DriverStore\FileRepository\iigd_dch.inf_amd64_4e41a1e74551d4db\igdinfo64.dll
0x00007fff37790000 - 0x00007fff3af26000 	C:\Windows\System32\DriverStore\FileRepository\iigd_dch.inf_amd64_4e41a1e74551d4db\igc64.dll
0x00007fff45d80000 - 0x00007fff45d9b000 	C:\Windows\SYSTEM32\CRYPTSP.dll
0x00007fff45390000 - 0x00007fff453c9000 	C:\Windows\system32\rsaenh.dll
0x00007fff45a30000 - 0x00007fff45a62000 	C:\Windows\SYSTEM32\USERENV.dll
0x00007fff465d0000 - 0x00007fff465fa000 	C:\Windows\SYSTEM32\bcrypt.dll
0x00007fff45be0000 - 0x00007fff45bec000 	C:\Windows\SYSTEM32\CRYPTBASE.dll
0x00007fff44ed0000 - 0x00007fff44f03000 	C:\Windows\SYSTEM32\IPHLPAPI.DLL
0x00007fff47f50000 - 0x00007fff47f5a000 	C:\Windows\System32\NSI.dll
0x00007ffecae90000 - 0x00007ffed1737000 	C:\Users\HP 840 G5\AppData\Local\Temp\opencv_openpnp16077947267082162015\nu\pattern\opencv\windows\x86_64\opencv_java470.dll
0x00007ffec6690000 - 0x00007ffec6766000 	C:\Windows\SYSTEM32\MFReadWrite.dll
0x00007fff43e60000 - 0x00007fff43f9e000 	C:\Windows\SYSTEM32\dxgi.dll
0x00007fff36f00000 - 0x00007fff36f98000 	C:\Windows\SYSTEM32\MF.dll
0x00007fff36780000 - 0x00007fff3699a000 	C:\Windows\SYSTEM32\MFPlat.DLL
0x00007fff3d260000 - 0x00007fff3d4c3000 	C:\Windows\SYSTEM32\d3d11.dll
0x00007ffebd0a0000 - 0x00007ffebd4b8000 	C:\Windows\SYSTEM32\MFCORE.DLL
0x00007fff36550000 - 0x00007fff3658c000 	C:\Windows\SYSTEM32\RTWorkQ.DLL
0x00007fff306f0000 - 0x00007fff30705000 	C:\Users\HP 840 G5\.openjfx\cache\21.0.6+3\amd64\javafx_font.dll
0x00007fff3d4d0000 - 0x00007fff3d737000 	C:\Windows\SYSTEM32\dwrite.dll

dbghelp: loaded successfully - version: 4.0.5 - missing functions: none
symbol engine: initialized successfully - sym options: 0x614 - pdb path: .;C:\Program Files\Java\jdk-21\bin;C:\Windows\SYSTEM32;C:\Windows\WinSxS\amd64_microsoft.windows.common-controls_6595b64144ccf1df_6.0.26100.7922_none_3e089e1ee3342171;C:\Program Files\Java\jdk-21\bin\server;C:\Users\HP 840 G5\.openjfx\cache\21.0.6+3\amd64;C:\Windows\System32\DriverStore\FileRepository\iigd_dch.inf_amd64_4e41a1e74551d4db;C:\Users\HP 840 G5\AppData\Local\Temp\opencv_openpnp16077947267082162015\nu\pattern\opencv\windows\x86_64;C:\Program Files\Common Files\Microsoft Shared\Ink

VM Arguments:
jvm_args: -javaagent:C:\Users\HP 840 G5\AppData\Local\Programs\IntelliJ IDEA Community Edition\lib\idea_rt.jar=64045 -Dfile.encoding=UTF-8 -Dsun.stdout.encoding=UTF-8 -Dsun.stderr.encoding=UTF-8 --module-path=C:\Users\HP 840 G5\.m2\repository\org\openjfx\javafx-base\21.0.6\javafx-base-21.0.6-win.jar;C:\Users\HP 840 G5\.m2\repository\org\openjfx\javafx-fxml\21.0.6\javafx-fxml-21.0.6-win.jar;C:\Users\HP 840 G5\.m2\repository\org\openpnp\opencv\4.7.0-0\opencv-4.7.0-0.jar;C:\Users\HP 840 G5\.m2\repository\nu\pattern\opencv\2.4.9-7\opencv-2.4.9-7.jar;C:\Users\HP 840 G5\.m2\repository\org\kordamp\bootstrapfx\bootstrapfx-core\0.4.0\bootstrapfx-core-0.4.0.jar;C:\Users\HP 840 G5\.m2\repository\org\openjfx\javafx-controls\21.0.6\javafx-controls-21.0.6-win.jar;C:\Users\HP 840 G5\IdeaProjects\ReconocimientoFacial\target\classes;C:\Users\HP 840 G5\.m2\repository\org\openjfx\javafx-swing\21.0.6\javafx-swing-21.0.6-win.jar;C:\Users\HP 840 G5\.m2\repository\org\openjfx\javafx-graphics\21.0.6\javafx-graphics-21.0.6-win.jar;C:\Users\HP 840 G5\.m2\repository\org\controlsfx\controlsfx\11.2.1\controlsfx-11.2.1.jar -Djdk.module.main=com.jasminesystems.reconocimientofacial 
java_command: com.jasminesystems.reconocimientofacial/com.jasminesystems.reconocimientofacial.MainApplication
java_class_path (initial): C:\Users\HP 840 G5\.m2\repository\org\openjfx\javafx-controls\21.0.6\javafx-controls-21.0.6.jar;C:\Users\HP 840 G5\.m2\repository\org\openjfx\javafx-graphics\21.0.6\javafx-graphics-21.0.6.jar;C:\Users\HP 840 G5\.m2\repository\org\openjfx\javafx-base\21.0.6\javafx-base-21.0.6.jar;C:\Users\HP 840 G5\.m2\repository\org\openjfx\javafx-fxml\21.0.6\javafx-fxml-21.0.6.jar;C:\Users\HP 840 G5\.m2\repository\org\openjfx\javafx-swing\21.0.6\javafx-swing-21.0.6.jar
Launcher Type: SUN_STANDARD

[Global flags]
     intx CICompilerCount                          = 3                                         {product} {ergonomic}
     uint ConcGCThreads                            = 1                                         {product} {ergonomic}
     uint G1ConcRefinementThreads                  = 4                                         {product} {ergonomic}
   size_t G1HeapRegionSize                         = 2097152                                   {product} {ergonomic}
    uintx GCDrainStackTargetSize                   = 64                                        {product} {ergonomic}
   size_t InitialHeapSize                          = 266338304                                 {product} {ergonomic}
   size_t MarkStackSize                            = 4194304                                   {product} {ergonomic}
   size_t MaxHeapSize                              = 4255121408                                {product} {ergonomic}
   size_t MaxNewSize                               = 2552233984                                {product} {ergonomic}
   size_t MinHeapDeltaBytes                        = 2097152                                   {product} {ergonomic}
   size_t MinHeapSize                              = 8388608                                   {product} {ergonomic}
    uintx NonNMethodCodeHeapSize                   = 5832780                                {pd product} {ergonomic}
    uintx NonProfiledCodeHeapSize                  = 122912730                              {pd product} {ergonomic}
    uintx ProfiledCodeHeapSize                     = 122912730                              {pd product} {ergonomic}
    uintx ReservedCodeCacheSize                    = 251658240                              {pd product} {ergonomic}
     bool SegmentedCodeCache                       = true                                      {product} {ergonomic}
   size_t SoftMaxHeapSize                          = 4255121408                             {manageable} {ergonomic}
     bool UseCompressedOops                        = true                           {product lp64_product} {ergonomic}
     bool UseG1GC                                  = true                                      {product} {ergonomic}
     bool UseLargePagesIndividualAllocation        = false                                  {pd product} {ergonomic}

Logging:
Log output configuration:
 #0: stdout all=warning uptime,level,tags foldmultilines=false
 #1: stderr all=off uptime,level,tags foldmultilines=false

Environment Variables:
PATH=C:\Program Files\Common Files\Oracle\Java\javapath;C:\Windows\system32;C:\Windows;C:\Windows\System32\Wbem;C:\Windows\System32\WindowsPowerShell\v1.0\;C:\Windows\System32\OpenSSH\;C:\Program Files\Git\cmd;C:\Program Files\dotnet\;C:\laragon\bin;C:\laragon\bin\apache\httpd-2.4.54-win64-VS16\bin;C:\laragon\bin\composer;C:\laragon\bin\git\bin;C:\laragon\bin\git\cmd;C:\laragon\bin\git\mingw64\bin;C:\laragon\bin\git\usr\bin;C:\laragon\bin\laragon\utils;C:\laragon\bin\mysql\mysql-8.0.30-winx64\bin;C:\laragon\bin\nginx\nginx-1.22.0;C:\laragon\bin\ngrok;C:\laragon\bin\nodejs\node-v22;C:\laragon\bin\notepad++;C:\laragon\bin\php\php-8.1.10-Win32-vs16-x64;C:\laragon\bin\postgresql\getfile\bin;C:\laragon\bin\python\python-3.13;C:\laragon\bin\python\python-3.13\Scripts;C:\laragon\bin\redis\redis-x64-5.0.14.1;C:\laragon\bin\telnet;C:\laragon\usr\bin;C:\Users\HP 840 G5\AppData\Local\Yarn\config\global\node_modules\.bin;C:\Users\HP 840 G5\AppData\Roaming\Composer\vendor\bin;C:\Users\HP 840 G5\AppData\Roaming\npm;C:\Users\HP 840 G5\AppData\Local\Microsoft\WindowsApps;C:\Users\HP 840 G5\AppData\Local\JetBrains\Toolbox\scripts;C:\Users\HP 840 G5\AppData\Local\GitHubDesktop\bin;C:\Users\HP 840 G5\AppData\Local\Programs\Microsoft VS Code\bin
USERNAME=HP 840 G5
OS=Windows_NT
PROCESSOR_IDENTIFIER=Intel64 Family 6 Model 142 Stepping 9, GenuineIntel
TMP=C:\Users\HP840G~1\AppData\Local\Temp
TEMP=C:\Users\HP840G~1\AppData\Local\Temp




Periodic native trim disabled

---------------  S Y S T E M  ---------------

OS:
 Windows 11 , 64 bit Build 26100 (10.0.26100.7920)
OS uptime: 1 days 20:52 hours
Hyper-V role detected

CPU: total 4 (initial active 4) (2 cores per cpu, 2 threads per core) family 6 model 142 stepping 9 microcode 0xf6, cx8, cmov, fxsr, ht, mmx, 3dnowpref, sse, sse2, sse3, ssse3, sse4.1, sse4.2, popcnt, lzcnt, tsc, tscinvbit, avx, avx2, aes, erms, clmul, bmi1, bmi2, adx, fma, vzeroupper, clflush, clflushopt, hv, rdtscp, f16c
Processor Information for all 4 processors :
  Max Mhz: 2712, Current Mhz: 2511, Mhz Limit: 2495

Memory: 4k page, system-wide physical 16227M (3762M free)
TotalPageFile size 18879M (AvailPageFile size 1019M)
current process WorkingSet (physical memory assigned to process): 1153M, peak: 1156M
current process commit charge ("private bytes"): 2388M, peak: 2392M

vm_info: Java HotSpot(TM) 64-Bit Server VM (21.0.5+9-LTS-239) for windows-amd64 JRE (21.0.5+9-LTS-239), built on 2024-09-30T05:17:38Z by "mach5one" with MS VC++ 17.6 (VS2022)

END.
